# Direct-normal solar SPD, smooth ASTM G-173 AM1.5 approximation, normalized to 1 at 560 nm
# wavelength_nm,value
380,0.522968
381,0.528613
382,0.534243
383,0.539856
384,0.545451
385,0.551028
386,0.556587
387,0.562125
388,0.567644
389,0.573141
390,0.578616
391,0.58407
392,0.5895
393,0.594906
394,0.600288
395,0.605645
396,0.610976
397,0.616282
398,0.62156
399,0.626811
400,0.632035
401,0.63723
402,0.642395
403,0.647532
404,0.652639
405,0.657715
406,0.66276
407,0.667774
408,0.672756
409,0.677705
410,0.682622
411,0.687506
412,0.692357
413,0.697173
414,0.701955
415,0.706703
416,0.711416
417,0.716093
418,0.720734
419,0.72534
420,0.729909
421,0.734442
422,0.738937
423,0.743396
424,0.747817
425,0.7522
426,0.756546
427,0.760853
428,0.765122
429,0.769352
430,0.773543
431,0.777695
432,0.781808
433,0.785882
434,0.789916
435,0.79391
436,0.797865
437,0.801779
438,0.805653
439,0.809487
440,0.813281
441,0.817034
442,0.820746
443,0.824418
444,0.828049
445,0.831639
446,0.835188
447,0.838697
448,0.842164
449,0.84559
450,0.848975
451,0.852319
452,0.855622
453,0.858884
454,0.862104
455,0.865284
456,0.868422
457,0.871519
458,0.874575
459,0.87759
460,0.880564
461,0.883497
462,0.886389
463,0.889241
464,0.892051
465,0.894821
466,0.89755
467,0.900239
468,0.902887
469,0.905494
470,0.908062
471,0.910589
472,0.913076
473,0.915524
474,0.917931
475,0.920299
476,0.922627
477,0.924916
478,0.927166
479,0.929376
480,0.931548
481,0.933681
482,0.935775
483,0.93783
484,0.939848
485,0.941827
486,0.943769
487,0.945673
488,0.947539
489,0.949368
490,0.95116
491,0.952915
492,0.954633
493,0.956315
494,0.957961
495,0.959571
496,0.961145
497,0.962683
498,0.964186
499,0.965654
500,0.967087
501,0.968486
502,0.96985
503,0.97118
504,0.972476
505,0.973739
506,0.974969
507,0.976165
508,0.977329
509,0.97846
510,0.979559
511,0.980626
512,0.981662
513,0.982666
514,0.983639
515,0.984581
516,0.985493
517,0.986374
518,0.987226
519,0.988048
520,0.988841
521,0.989604
522,0.990339
523,0.991046
524,0.991724
525,0.992374
526,0.992997
527,0.993593
528,0.994162
529,0.994704
530,0.99522
531,0.99571
532,0.996175
533,0.996614
534,0.997027
535,0.997417
536,0.997781
537,0.998122
538,0.998439
539,0.998732
540,0.999002
541,0.999249
542,0.999474
543,0.999676
544,0.999856
545,1.00002
546,1.00015
547,1.00027
548,1.00036
549,1.00044
550,1.00049
551,1.00053
552,1.00054
553,1.00054
554,1.00052
555,1.00048
556,1.00042
557,1.00034
558,1.00024
559,1.00013
560,1
561,0.999853
562,0.999688
563,0.999508
564,0.999311
565,0.999099
566,0.998871
567,0.998627
568,0.998368
569,0.998095
570,0.997807
571,0.997505
572,0.997188
573,0.996858
574,0.996514
575,0.996157
576,0.995787
577,0.995403
578,0.995008
579,0.994599
580,0.994179
581,0.993746
582,0.993302
583,0.992846
584,0.992379
585,0.991901
586,0.991412
587,0.990912
588,0.990401
589,0.98988
590,0.989349
591,0.988808
592,0.988257
593,0.987696
594,0.987126
595,0.986546
596,0.985958
597,0.98536
598,0.984753
599,0.984138
600,0.983514
601,0.982882
602,0.982242
603,0.981593
604,0.980936
605,0.980272
606,0.979599
607,0.978919
608,0.978232
609,0.977537
610,0.976835
611,0.976125
612,0.975409
613,0.974685
614,0.973955
615,0.973218
616,0.972474
617,0.971723
618,0.970966
619,0.970202
620,0.969432
621,0.968656
622,0.967873
623,0.967085
624,0.96629
625,0.965488
626,0.964681
627,0.963868
628,0.963049
629,0.962224
630,0.961394
631,0.960557
632,0.959715
633,0.958867
634,0.958013
635,0.957154
636,0.956289
637,0.955419
638,0.954543
639,0.953661
640,0.952774
641,0.951882
642,0.950984
643,0.95008
644,0.949172
645,0.948257
646,0.947338
647,0.946413
648,0.945482
649,0.944547
650,0.943606
651,0.942659
652,0.941707
653,0.94075
654,0.939788
655,0.93882
656,0.937847
657,0.936868
658,0.935885
659,0.934895
660,0.933901
661,0.932901
662,0.931896
663,0.930886
664,0.92987
665,0.928849
666,0.927822
667,0.92679
668,0.925753
669,0.924709
670,0.923656
671,0.922591
672,0.921503
673,0.920367
674,0.919138
675,0.917732
676,0.916009
677,0.913763
678,0.910719
679,0.90657
680,0.901044
681,0.894022
682,0.885653
683,0.87645
684,0.867281
685,0.859249
686,0.853451
687,0.850694
688,0.851264
689,0.854843
690,0.860599
691,0.86742
692,0.874194
693,0.880047
694,0.88446
695,0.887265
696,0.888555
697,0.888557
698,0.887524
699,0.885666
700,0.883117
701,0.879939
702,0.876139
703,0.871692
704,0.866558
705,0.860707
706,0.854125
707,0.846833
708,0.838887
709,0.830389
710,0.821488
711,0.812375
712,0.803284
713,0.794475
714,0.786224
715,0.778806
716,0.772479
717,0.767464
718,0.763928
719,0.761975
720,0.761635
721,0.762864
722,0.765545
723,0.769498
724,0.774496
725,0.780275
726,0.78656
727,0.793075
728,0.799564
729,0.805804
730,0.811608
731,0.816839
732,0.821403
733,0.825252
734,0.828375
735,0.830796
736,0.832561
737,0.833732
738,0.834382
739,0.834587
740,0.834421
741,0.833952
742,0.833242
743,0.832343
744,0.831297
745,0.830136
746,0.828871
747,0.827476
748,0.825838
749,0.823664
750,0.820308
751,0.814522
752,0.804198
753,0.786267
754,0.757027
755,0.713167
756,0.65347
757,0.580721
758,0.50281
759,0.432003
760,0.381987
761,0.363535
762,0.380623
763,0.428923
764,0.497444
765,0.572472
766,0.641888
767,0.698028
768,0.738316
769,0.764101
770,0.778746
771,0.785943
772,0.788723
773,0.789159
774,0.788471
775,0.787295
776,0.785926
777,0.784486
778,0.783023
779,0.781552
780,0.780077
