# Gaussian NIR LED, peak 850 nm, FWHM 30 nm (illustrative; use datasheet values)
360.0,0
361.0,0
362.0,0
363.0,0
364.0,0
365.0,0
366.0,0
367.0,0
368.0,0
369.0,0
370.0,0
371.0,0
372.0,0
373.0,0
374.0,0
375.0,0
376.0,0
377.0,0
378.0,0
379.0,0
380.0,0
381.0,0
382.0,0
383.0,0
384.0,0
385.0,0
386.0,0
387.0,0
388.0,0
389.0,0
390.0,0
391.0,0
392.0,0
393.0,0
394.0,0
395.0,0
396.0,0
397.0,0
398.0,0
399.0,0
400.0,0
401.0,0
402.0,0
403.0,0
404.0,0
405.0,0
406.0,0
407.0,0
408.0,0
409.0,0
410.0,0
411.0,0
412.0,0
413.0,0
414.0,0
415.0,0
416.0,0
417.0,0
418.0,0
419.0,0
420.0,0
421.0,0
422.0,0
423.0,0
424.0,0
425.0,0
426.0,0
427.0,0
428.0,0
429.0,0
430.0,0
431.0,0
432.0,0
433.0,0
434.0,0
435.0,0
436.0,0
437.0,0
438.0,0
439.0,0
440.0,0
441.0,0
442.0,0
443.0,0
444.0,0
445.0,0
446.0,0
447.0,0
448.0,0
449.0,0
450.0,0
451.0,0
452.0,0
453.0,0
454.0,0
455.0,0
456.0,0
457.0,0
458.0,0
459.0,0
460.0,0
461.0,0
462.0,0
463.0,0
464.0,0
465.0,0
466.0,0
467.0,0
468.0,0
469.0,0
470.0,0
471.0,0
472.0,0
473.0,0
474.0,0
475.0,0
476.0,0
477.0,0
478.0,0
479.0,0
480.0,0
481.0,0
482.0,0
483.0,0
484.0,0
485.0,0
486.0,0
487.0,0
488.0,0
489.0,0
490.0,0
491.0,0
492.0,0
493.0,0
494.0,0
495.0,0
496.0,0
497.0,0
498.0,0
499.0,0
500.0,0
501.0,0
502.0,0
503.0,0
504.0,0
505.0,0
506.0,0
507.0,0
508.0,0
509.0,0
510.0,0
511.0,0
512.0,0
513.0,0
514.0,0
515.0,0
516.0,0
517.0,0
518.0,0
519.0,0
520.0,0
521.0,0
522.0,0
523.0,0
524.0,0
525.0,0
526.0,0
527.0,0
528.0,0
529.0,0
530.0,0
531.0,0
532.0,0
533.0,0
534.0,0
535.0,0
536.0,0
537.0,0
538.0,0
539.0,0
540.0,0
541.0,0
542.0,0
543.0,0
544.0,0
545.0,0
546.0,0
547.0,0
548.0,0
549.0,0
550.0,0
551.0,0
552.0,0
553.0,0
554.0,0
555.0,0
556.0,0
557.0,0
558.0,0
559.0,0
560.0,0
561.0,0
562.0,0
563.0,0
564.0,0
565.0,0
566.0,0
567.0,0
568.0,0
569.0,0
570.0,0
571.0,0
572.0,0
573.0,0
574.0,0
575.0,0
576.0,0
577.0,0
578.0,0
579.0,0
580.0,0
581.0,0
582.0,0
583.0,0
584.0,0
585.0,0
586.0,0
587.0,0
588.0,0
589.0,0
590.0,0
591.0,0
592.0,0
593.0,0
594.0,0
595.0,0
596.0,0
597.0,0
598.0,0
599.0,0
600.0,0
601.0,0
602.0,0
603.0,0
604.0,0
605.0,0
606.0,0
607.0,0
608.0,0
609.0,0
610.0,0
611.0,0
612.0,0
613.0,0
614.0,0
615.0,0
616.0,0
617.0,0
618.0,0
619.0,0
620.0,0
621.0,0
622.0,0
623.0,0
624.0,0
625.0,0
626.0,0
627.0,0
628.0,0
629.0,0
630.0,0
631.0,0
632.0,0
633.0,0
634.0,0
635.0,0
636.0,0
637.0,0
638.0,0
639.0,0
640.0,0
641.0,0
642.0,0
643.0,0
644.0,0
645.0,0
646.0,0
647.0,0
648.0,0
649.0,0
650.0,0
651.0,0
652.0,0
653.0,0
654.0,0
655.0,0
656.0,0
657.0,0
658.0,0
659.0,0
660.0,0
661.0,0
662.0,0
663.0,0
664.0,0
665.0,0
666.0,0
667.0,0
668.0,0
669.0,0
670.0,0
671.0,0
672.0,0
673.0,0
674.0,0
675.0,0
676.0,0
677.0,0
678.0,0
679.0,0
680.0,0
681.0,0
682.0,0
683.0,0
684.0,0
685.0,0
686.0,0
687.0,0
688.0,0
689.0,0
690.0,0
691.0,0
692.0,0
693.0,0
694.0,0
695.0,0
696.0,0
697.0,0
698.0,0
699.0,0
700.0,0
701.0,0
702.0,0
703.0,0
704.0,0
705.0,0
706.0,0
707.0,0
708.0,0
709.0,0
710.0,0
711.0,0
712.0,0
713.0,0
714.0,0
715.0,0
716.0,0
717.0,0
718.0,0
719.0,0
720.0,0
721.0,0
722.0,0
723.0,0
724.0,0
725.0,0
726.0,0
727.0,0
728.0,0
729.0,0
730.0,0
731.0,0
732.0,0
733.0,0
734.0,0
735.0,0
736.0,0
737.0,0
738.0,0
739.0,0
740.0,0
741.0,0
742.0,0
743.0,0
744.0,0
745.0,0
746.0,0
747.0,0
748.0,0
749.0,0
750.0,0
751.0,0
752.0,0
753.0,0
754.0,0
755.0,0
756.0,0
757.0,0
758.0,0
759.0,0
760.0,0
761.0,0
762.0,0
763.0,0
764.0,0
765.0,0
766.0,0
767.0,0
768.0,1.00899e-09
769.0,1.66711e-09
770.0,2.73759e-09
771.0,4.46783e-09
772.0,7.24684e-09
773.0,1.16822e-08
774.0,1.87165e-08
775.0,2.98023e-08
776.0,4.71627e-08
777.0,7.41774e-08
778.0,1.1595e-07
779.0,1.80132e-07
780.0,2.78122e-07
781.0,4.26781e-07
782.0,6.50877e-07
783.0,9.86545e-07
784.0,1.48614e-06
785.0,2.22498e-06
786.0,3.31067e-06
787.0,4.89588e-06
788.0,7.19565e-06
789.0,1.05107e-05
790.0,1.52588e-05
791.0,2.20156e-05
792.0,3.15695e-05
793.0,4.49911e-05
794.0,6.37251e-05
795.0,8.97055e-05
796.0,0.000125502
797.0,0.000174505
798.0,0.000241151
799.0,0.000331202
800.0,0.000452087
801.0,0.000613304
802.0,0.0008269
803.0,0.00110804
804.0,0.00147564
805.0,0.00195313
806.0,0.00256924
807.0,0.00335894
808.0,0.0043644
809.0,0.00563601
810.0,0.0072334
811.0,0.00922651
812.0,0.0116965
813.0,0.0147367
814.0,0.018453
815.0,0.0229646
816.0,0.0284037
817.0,0.0349152
818.0,0.0426559
819.0,0.0517926
820.0,0.0625
821.0,0.0749578
822.0,0.0893465
823.0,0.105843
824.0,0.124616
825.0,0.145816
826.0,0.169576
827.0,0.195995
828.0,0.225139
829.0,0.257028
830.0,0.291632
831.0,0.328862
832.0,0.368567
833.0,0.410529
834.0,0.454459
835.0,0.5
836.0,0.546726
837.0,0.594146
838.0,0.641713
839.0,0.688831
840.0,0.734867
841.0,0.779165
842.0,0.821058
843.0,0.859889
844.0,0.895025
845.0,0.925875
846.0,0.951905
847.0,0.972655
848.0,0.987753
849.0,0.996924
850.0,1
851.0,0.996924
852.0,0.987753
853.0,0.972655
854.0,0.951905
855.0,0.925875
856.0,0.895025
857.0,0.859889
858.0,0.821058
859.0,0.779165
860.0,0.734867
861.0,0.688831
862.0,0.641713
863.0,0.594146
864.0,0.546726
865.0,0.5
866.0,0.454459
867.0,0.410529
868.0,0.368567
869.0,0.328862
870.0,0.291632
871.0,0.257028
872.0,0.225139
873.0,0.195995
874.0,0.169576
875.0,0.145816
876.0,0.124616
877.0,0.105843
878.0,0.0893465
879.0,0.0749578
880.0,0.0625
881.0,0.0517926
882.0,0.0426559
883.0,0.0349152
884.0,0.0284037
885.0,0.0229646
886.0,0.018453
887.0,0.0147367
888.0,0.0116965
889.0,0.00922651
890.0,0.0072334
891.0,0.00563601
892.0,0.0043644
893.0,0.00335894
894.0,0.00256924
895.0,0.00195313
896.0,0.00147564
897.0,0.00110804
898.0,0.0008269
899.0,0.000613304
900.0,0.000452087
901.0,0.000331202
902.0,0.000241151
903.0,0.000174505
904.0,0.000125502
905.0,8.97055e-05
906.0,6.37251e-05
907.0,4.49911e-05
908.0,3.15695e-05
909.0,2.20156e-05
910.0,1.52588e-05
911.0,1.05107e-05
912.0,7.19565e-06
913.0,4.89588e-06
914.0,3.31067e-06
915.0,2.22498e-06
916.0,1.48614e-06
917.0,9.86545e-07
918.0,6.50877e-07
919.0,4.26781e-07
920.0,2.78122e-07
921.0,1.80132e-07
922.0,1.1595e-07
923.0,7.41774e-08
924.0,4.71627e-08
925.0,2.98023e-08
926.0,1.87165e-08
927.0,1.16822e-08
928.0,7.24684e-09
929.0,4.46783e-09
930.0,2.73759e-09
931.0,1.66711e-09
932.0,1.00899e-09
933.0,0
934.0,0
935.0,0
936.0,0
937.0,0
938.0,0
939.0,0
940.0,0
941.0,0
942.0,0
943.0,0
944.0,0
945.0,0
946.0,0
947.0,0
948.0,0
949.0,0
950.0,0
951.0,0
952.0,0
953.0,0
954.0,0
955.0,0
956.0,0
957.0,0
958.0,0
959.0,0
960.0,0
961.0,0
962.0,0
963.0,0
964.0,0
965.0,0
966.0,0
967.0,0
968.0,0
969.0,0
970.0,0
971.0,0
972.0,0
973.0,0
974.0,0
975.0,0
976.0,0
977.0,0
978.0,0
979.0,0
980.0,0
981.0,0
982.0,0
983.0,0
984.0,0
985.0,0
986.0,0
987.0,0
988.0,0
989.0,0
990.0,0
991.0,0
992.0,0
993.0,0
994.0,0
995.0,0
996.0,0
997.0,0
998.0,0
999.0,0
1000.0,0
1001.0,0
1002.0,0
1003.0,0
1004.0,0
1005.0,0
1006.0,0
1007.0,0
1008.0,0
1009.0,0
1010.0,0
1011.0,0
1012.0,0
1013.0,0
1014.0,0
1015.0,0
1016.0,0
1017.0,0
1018.0,0
1019.0,0
1020.0,0
1021.0,0
1022.0,0
1023.0,0
1024.0,0
1025.0,0
1026.0,0
1027.0,0
1028.0,0
1029.0,0
1030.0,0
1031.0,0
1032.0,0
1033.0,0
1034.0,0
1035.0,0
1036.0,0
1037.0,0
1038.0,0
1039.0,0
1040.0,0
1041.0,0
1042.0,0
1043.0,0
1044.0,0
1045.0,0
1046.0,0
1047.0,0
1048.0,0
1049.0,0
1050.0,0
1051.0,0
1052.0,0
1053.0,0
1054.0,0
1055.0,0
1056.0,0
1057.0,0
1058.0,0
1059.0,0
1060.0,0
1061.0,0
1062.0,0
1063.0,0
1064.0,0
1065.0,0
1066.0,0
1067.0,0
1068.0,0
1069.0,0
1070.0,0
1071.0,0
1072.0,0
1073.0,0
1074.0,0
1075.0,0
1076.0,0
1077.0,0
1078.0,0
1079.0,0
1080.0,0
1081.0,0
1082.0,0
1083.0,0
1084.0,0
1085.0,0
1086.0,0
1087.0,0
1088.0,0
1089.0,0
1090.0,0
1091.0,0
1092.0,0
1093.0,0
1094.0,0
1095.0,0
1096.0,0
1097.0,0
1098.0,0
1099.0,0
1100.0,0
