# QE_blue <= 650 nm, Si QE x filter ramp to T=1 at 800 nm (d=3.0 um, ideal AR, Green 2008 Si; tools/nir_spectra.py)
360.0,0
361.0,0
362.0,0
363.0,0
364.0,0
365.0,0
366.0,0
367.0,0
368.0,0
369.0,0
370.0,0
371.0,0
372.0,0
373.0,0
374.0,0
375.0,0
376.0,0
377.0,0
378.0,0
379.0,0
380.0,0.262787
381.0,0.273457
382.0,0.284128
383.0,0.294798
384.0,0.305469
385.0,0.31614
386.0,0.326562
387.0,0.336801
388.0,0.347041
389.0,0.357103
390.0,0.365776
391.0,0.374449
392.0,0.383121
393.0,0.391689
394.0,0.400048
395.0,0.408406
396.0,0.416764
397.0,0.425123
398.0,0.43386
399.0,0.442713
400.0,0.452041
401.0,0.462069
402.0,0.472098
403.0,0.482126
404.0,0.492155
405.0,0.501403
406.0,0.509295
407.0,0.517186
408.0,0.525078
409.0,0.531961
410.0,0.537308
411.0,0.542656
412.0,0.548004
413.0,0.553352
414.0,0.558699
415.0,0.564047
416.0,0.569395
417.0,0.574184
418.0,0.57889
419.0,0.583596
420.0,0.588302
421.0,0.593007
422.0,0.597713
423.0,0.601903
424.0,0.60536
425.0,0.608816
426.0,0.612273
427.0,0.615729
428.0,0.619185
429.0,0.622642
430.0,0.626204
431.0,0.62988
432.0,0.633555
433.0,0.637231
434.0,0.640906
435.0,0.644581
436.0,0.648257
437.0,0.651459
438.0,0.65459
439.0,0.657721
440.0,0.660852
441.0,0.663983
442.0,0.667113
443.0,0.670244
444.0,0.673375
445.0,0.676506
446.0,0.679637
447.0,0.682768
448.0,0.684298
449.0,0.684415
450.0,0.684531
451.0,0.684648
452.0,0.684765
453.0,0.684882
454.0,0.684998
455.0,0.685115
456.0,0.685232
457.0,0.685349
458.0,0.685465
459.0,0.683498
460.0,0.681214
461.0,0.67893
462.0,0.676645
463.0,0.674361
464.0,0.672076
465.0,0.669792
466.0,0.667218
467.0,0.663372
468.0,0.659526
469.0,0.655681
470.0,0.651835
471.0,0.647989
472.0,0.642272
473.0,0.636368
474.0,0.630465
475.0,0.624562
476.0,0.618659
477.0,0.612756
478.0,0.606853
479.0,0.599875
480.0,0.59263
481.0,0.585384
482.0,0.578139
483.0,0.570893
484.0,0.560796
485.0,0.55052
486.0,0.540245
487.0,0.529969
488.0,0.519315
489.0,0.508557
490.0,0.497798
491.0,0.486786
492.0,0.475365
493.0,0.463943
494.0,0.452522
495.0,0.441064
496.0,0.429582
497.0,0.4181
498.0,0.406618
499.0,0.3953
500.0,0.384084
501.0,0.372869
502.0,0.361654
503.0,0.349782
504.0,0.337667
505.0,0.325551
506.0,0.313436
507.0,0.303035
508.0,0.292853
509.0,0.282671
510.0,0.272418
511.0,0.261813
512.0,0.251208
513.0,0.240603
514.0,0.230153
515.0,0.219944
516.0,0.209734
517.0,0.199524
518.0,0.190294
519.0,0.181688
520.0,0.173081
521.0,0.164474
522.0,0.158173
523.0,0.152338
524.0,0.146504
525.0,0.140669
526.0,0.134834
527.0,0.129117
528.0,0.125331
529.0,0.121545
530.0,0.117758
531.0,0.113972
532.0,0.110186
533.0,0.106399
534.0,0.102951
535.0,0.0997809
536.0,0.0966108
537.0,0.0934407
538.0,0.0902706
539.0,0.0871005
540.0,0.0839304
541.0,0.0807604
542.0,0.0775903
543.0,0.0744202
544.0,0.0712611
545.0,0.0681072
546.0,0.0649533
547.0,0.0617994
548.0,0.0586455
549.0,0.0554916
550.0,0.0523377
551.0,0.0491838
552.0,0.0467795
553.0,0.0444483
554.0,0.0421172
555.0,0.039786
556.0,0.0374549
557.0,0.0351237
558.0,0.0329063
559.0,0.0313906
560.0,0.0298748
561.0,0.0283591
562.0,0.0268434
563.0,0.0253276
564.0,0.0238119
565.0,0.0222961
566.0,0.0208866
567.0,0.0203525
568.0,0.0198185
569.0,0.0192845
570.0,0.0187505
571.0,0.0182164
572.0,0.0176824
573.0,0.0171484
574.0,0.0166144
575.0,0.0160173
576.0,0.0153252
577.0,0.0146331
578.0,0.0139409
579.0,0.0132488
580.0,0.0125567
581.0,0.0124202
582.0,0.0123222
583.0,0.0122243
584.0,0.0121263
585.0,0.0120283
586.0,0.0119303
587.0,0.0118327
588.0,0.0117935
589.0,0.0117543
590.0,0.0117151
591.0,0.0116759
592.0,0.0116367
593.0,0.0115975
594.0,0.0115426
595.0,0.0113001
596.0,0.0110576
597.0,0.0108151
598.0,0.0105726
599.0,0.0103363
600.0,0.0102585
601.0,0.0101808
602.0,0.0101031
603.0,0.0100253
604.0,0.00994757
605.0,0.00986982
606.0,0.00979207
607.0,0.00971433
608.0,0.00963658
609.0,0.00935014
610.0,0.00878907
611.0,0.008228
612.0,0.00766693
613.0,0.00710586
614.0,0.00654479
615.0,0.00598372
616.0,0.00542264
617.0,0.00486157
618.0,0.0043005
619.0,0.00474949
620.0,0.00588575
621.0,0.00702199
622.0,0.00815825
623.0,0.0092945
624.0,0.0104307
625.0,0.0109646
626.0,0.0113849
627.0,0.0118053
628.0,0.0122256
629.0,0.012646
630.0,0.0131867
631.0,0.013757
632.0,0.0143273
633.0,0.0148976
634.0,0.0154679
635.0,0.0160382
636.0,0.0166085
637.0,0.0171788
638.0,0.0177491
639.0,0.0183194
640.0,0.0186916
641.0,0.01906
642.0,0.0194284
643.0,0.0197968
644.0,0.0201652
645.0,0.0205336
646.0,0.020902
647.0,0.0214393
648.0,0.0221598
649.0,0.0228803
650.0,0.0236007
651.0,0.0270803
652.0,0.0305221
653.0,0.0339263
654.0,0.0372929
655.0,0.040622
656.0,0.0439138
657.0,0.0471684
658.0,0.0503859
659.0,0.0535664
660.0,0.0567102
661.0,0.0598541
662.0,0.0629656
663.0,0.0660447
664.0,0.0690916
665.0,0.0721063
666.0,0.075089
667.0,0.0780398
668.0,0.0809588
669.0,0.0838461
670.0,0.0867019
671.0,0.0894621
672.0,0.0921866
673.0,0.0948756
674.0,0.0975293
675.0,0.100148
676.0,0.102732
677.0,0.10528
678.0,0.107795
679.0,0.110274
680.0,0.11272
681.0,0.115189
682.0,0.117627
683.0,0.120035
684.0,0.122411
685.0,0.124757
686.0,0.127072
687.0,0.129357
688.0,0.131612
689.0,0.133837
690.0,0.136032
691.0,0.138188
692.0,0.140313
693.0,0.142409
694.0,0.144476
695.0,0.146513
696.0,0.148521
697.0,0.150501
698.0,0.152451
699.0,0.154373
700.0,0.156267
701.0,0.158323
702.0,0.160357
703.0,0.162369
704.0,0.164358
705.0,0.166325
706.0,0.16827
707.0,0.170193
708.0,0.172094
709.0,0.173973
710.0,0.175831
711.0,0.177694
712.0,0.179536
713.0,0.181357
714.0,0.183158
715.0,0.184938
716.0,0.186698
717.0,0.188438
718.0,0.190158
719.0,0.191858
720.0,0.193538
721.0,0.194757
722.0,0.195948
723.0,0.197112
724.0,0.198248
725.0,0.199357
726.0,0.20044
727.0,0.201496
728.0,0.202526
729.0,0.20353
730.0,0.204508
731.0,0.205553
732.0,0.206574
733.0,0.207572
734.0,0.208545
735.0,0.209496
736.0,0.210423
737.0,0.211328
738.0,0.212209
739.0,0.213069
740.0,0.213906
741.0,0.214726
742.0,0.215525
743.0,0.216302
744.0,0.217058
745.0,0.217793
746.0,0.218507
747.0,0.2192
748.0,0.219872
749.0,0.220525
750.0,0.221157
751.0,0.221486
752.0,0.221793
753.0,0.222079
754.0,0.222344
755.0,0.222587
756.0,0.22281
757.0,0.223012
758.0,0.223195
759.0,0.223357
760.0,0.2235
761.0,0.223945
762.0,0.224373
763.0,0.224784
764.0,0.225178
765.0,0.225556
766.0,0.225917
767.0,0.226262
768.0,0.226591
769.0,0.226904
770.0,0.227201
771.0,0.227727
772.0,0.22824
773.0,0.228738
774.0,0.229223
775.0,0.229695
776.0,0.230153
777.0,0.230598
778.0,0.231029
779.0,0.231448
780.0,0.231853
781.0,0.231479
782.0,0.23109
783.0,0.230687
784.0,0.230269
785.0,0.229837
786.0,0.229392
787.0,0.228934
788.0,0.228462
789.0,0.227978
790.0,0.227481
791.0,0.227293
792.0,0.227094
793.0,0.226883
794.0,0.22666
795.0,0.226425
796.0,0.226179
797.0,0.225922
798.0,0.225654
799.0,0.225375
800.0,0.225085
801.0,0.223264
802.0,0.221457
803.0,0.219662
804.0,0.21788
805.0,0.21611
806.0,0.214353
807.0,0.212609
808.0,0.210877
809.0,0.209158
810.0,0.207451
811.0,0.205763
812.0,0.204088
813.0,0.202425
814.0,0.200773
815.0,0.199134
816.0,0.197507
817.0,0.195891
818.0,0.194287
819.0,0.192696
820.0,0.191115
821.0,0.189598
822.0,0.188092
823.0,0.186596
824.0,0.185111
825.0,0.183637
826.0,0.182174
827.0,0.180721
828.0,0.179278
829.0,0.177846
830.0,0.176425
831.0,0.174955
832.0,0.173497
833.0,0.172049
834.0,0.170613
835.0,0.169187
836.0,0.167773
837.0,0.166369
838.0,0.164976
839.0,0.163593
840.0,0.162222
841.0,0.160748
842.0,0.159286
843.0,0.157837
844.0,0.156399
845.0,0.154974
846.0,0.153561
847.0,0.152159
848.0,0.15077
849.0,0.149392
850.0,0.148026
851.0,0.146548
852.0,0.145084
853.0,0.143634
854.0,0.142197
855.0,0.140773
856.0,0.139363
857.0,0.137966
858.0,0.136582
859.0,0.13521
860.0,0.133852
861.0,0.132543
862.0,0.131246
863.0,0.12996
864.0,0.128687
865.0,0.127425
866.0,0.126175
867.0,0.124937
868.0,0.123709
869.0,0.122494
870.0,0.121289
871.0,0.119954
872.0,0.118633
873.0,0.117325
874.0,0.116031
875.0,0.11475
876.0,0.113483
877.0,0.112229
878.0,0.110988
879.0,0.109761
880.0,0.108546
881.0,0.107421
882.0,0.106307
883.0,0.105204
884.0,0.104112
885.0,0.103031
886.0,0.101961
887.0,0.100901
888.0,0.0998517
889.0,0.0988128
890.0,0.0977843
891.0,0.0966389
892.0,0.0955063
893.0,0.0943865
894.0,0.0932791
895.0,0.0921842
896.0,0.0911016
897.0,0.0900312
898.0,0.0889729
899.0,0.0879264
900.0,0.0868918
901.0,0.0859697
902.0,0.085057
903.0,0.0841537
904.0,0.0832596
905.0,0.0823747
906.0,0.0814988
907.0,0.0806319
908.0,0.079774
909.0,0.0789248
910.0,0.0780845
911.0,0.0771786
912.0,0.0762828
913.0,0.0753971
914.0,0.0745214
915.0,0.0736555
916.0,0.0727994
917.0,0.0719529
918.0,0.0711159
919.0,0.0702884
920.0,0.0694702
921.0,0.0685489
922.0,0.0676393
923.0,0.0667415
924.0,0.0658553
925.0,0.0649804
926.0,0.0641169
927.0,0.0632645
928.0,0.0624232
929.0,0.0615927
930.0,0.060773
931.0,0.0599955
932.0,0.0592276
933.0,0.0584693
934.0,0.0577205
935.0,0.0569811
936.0,0.0562509
937.0,0.0555299
938.0,0.0548179
939.0,0.0541148
940.0,0.0534205
941.0,0.0525967
942.0,0.0517854
943.0,0.0509862
944.0,0.0501991
945.0,0.0494239
946.0,0.0486604
947.0,0.0479085
948.0,0.0471679
949.0,0.0464386
950.0,0.0457203
951.0,0.0450463
952.0,0.0443821
953.0,0.0437274
954.0,0.0430823
955.0,0.0424465
956.0,0.0418199
957.0,0.0412024
958.0,0.0405939
959.0,0.0399942
960.0,0.0394033
961.0,0.0387502
962.0,0.0381077
963.0,0.0374757
964.0,0.0368541
965.0,0.0362426
966.0,0.0356411
967.0,0.0350494
968.0,0.0344674
969.0,0.033895
970.0,0.0333319
971.0,0.0328016
972.0,0.0322797
973.0,0.0317659
974.0,0.0312602
975.0,0.0307625
976.0,0.0302726
977.0,0.0297905
978.0,0.0293159
979.0,0.0288488
980.0,0.0283891
981.0,0.0278487
982.0,0.0273186
983.0,0.0267984
984.0,0.026288
985.0,0.0257872
986.0,0.0252959
987.0,0.0248138
988.0,0.0243408
989.0,0.0238768
990.0,0.0234215
991.0,0.0229391
992.0,0.0224664
993.0,0.0220034
994.0,0.0215499
995.0,0.0211057
996.0,0.0206705
997.0,0.0202442
998.0,0.0198267
999.0,0.0194176
1000.0,0.019017
1001.0,0.0185976
1002.0,0.0181874
1003.0,0.0177861
1004.0,0.0173937
1005.0,0.0170098
1006.0,0.0166344
1007.0,0.0162672
1008.0,0.015908
1009.0,0.0155567
1010.0,0.0152132
1011.0,0.0148441
1012.0,0.0144839
1013.0,0.0141324
1014.0,0.0137894
1015.0,0.0134547
1016.0,0.013128
1017.0,0.0128093
1018.0,0.0124982
1019.0,0.0121947
1020.0,0.0118985
1021.0,0.0115735
1022.0,0.0112573
1023.0,0.0109498
1024.0,0.0106506
1025.0,0.0103595
1026.0,0.0100764
1027.0,0.009801
1028.0,0.00953308
1029.0,0.00927247
1030.0,0.00901895
1031.0,0.00876236
1032.0,0.00851305
1033.0,0.00827082
1034.0,0.00803545
1035.0,0.00780677
1036.0,0.00758457
1037.0,0.00736868
1038.0,0.00715892
1039.0,0.00695512
1040.0,0.00675711
1041.0,0.00654056
1042.0,0.00633094
1043.0,0.00612802
1044.0,0.00593159
1045.0,0.00574144
1046.0,0.00555738
1047.0,0.0053792
1048.0,0.00520673
1049.0,0.00503978
1050.0,0.00487818
1051.0,0.00469471
1052.0,0.00451812
1053.0,0.00434817
1054.0,0.0041846
1055.0,0.00402718
1056.0,0.00387567
1057.0,0.00372985
1058.0,0.00358952
1059.0,0.00345445
1060.0,0.00332447
1061.0,0.00321751
1062.0,0.00311399
1063.0,0.0030138
1064.0,0.00291684
1065.0,0.00282298
1066.0,0.00273215
1067.0,0.00264424
1068.0,0.00255916
1069.0,0.00247681
1070.0,0.00239711
1071.0,0.00233685
1072.0,0.00227809
1073.0,0.00222082
1074.0,0.00216499
1075.0,0.00211056
1076.0,0.0020575
1077.0,0.00200577
1078.0,0.00195535
1079.0,0.00190619
1080.0,0.00185827
1081.0,0.00180754
1082.0,0.00175821
1083.0,0.00171021
1084.0,0.00166353
1085.0,0.00161812
1086.0,0.00157396
1087.0,0.001531
1088.0,0.00148921
1089.0,0.00144856
1090.0,0.00140902
1091.0,0.00136811
1092.0,0.00132839
1093.0,0.00128982
1094.0,0.00125237
1095.0,0.00121601
1096.0,0.0011807
1097.0,0.00114642
1098.0,0.00111313
1099.0,0.00108082
1100.0,0.00104944
