# QE_cyan <= 650 nm, Si QE x filter ramp to T=1 at 800 nm (d=3.0 um, ideal AR, Green 2008 Si; tools/nir_spectra.py)
360.0,0
361.0,0
362.0,0
363.0,0
364.0,0
365.0,0
366.0,0
367.0,0
368.0,0
369.0,0
370.0,0
371.0,0
372.0,0
373.0,0
374.0,0
375.0,0
376.0,0
377.0,0
378.0,0
379.0,0
380.0,0.297242
381.0,0.308624
382.0,0.320006
383.0,0.331388
384.0,0.34277
385.0,0.354152
386.0,0.363501
387.0,0.371362
388.0,0.379223
389.0,0.387084
390.0,0.394946
391.0,0.403208
392.0,0.412125
393.0,0.421041
394.0,0.429957
395.0,0.438874
396.0,0.448313
397.0,0.458509
398.0,0.468705
399.0,0.478902
400.0,0.489098
401.0,0.499294
402.0,0.50949
403.0,0.523448
404.0,0.537613
405.0,0.551779
406.0,0.56132
407.0,0.569195
408.0,0.577071
409.0,0.584946
410.0,0.592821
411.0,0.600696
412.0,0.608571
413.0,0.615511
414.0,0.622309
415.0,0.629107
416.0,0.635906
417.0,0.642704
418.0,0.649503
419.0,0.656301
420.0,0.6631
421.0,0.669898
422.0,0.675551
423.0,0.681189
424.0,0.686828
425.0,0.692466
426.0,0.698104
427.0,0.703743
428.0,0.709381
429.0,0.713541
430.0,0.717539
431.0,0.721536
432.0,0.725534
433.0,0.729531
434.0,0.733529
435.0,0.73748
436.0,0.740566
437.0,0.743652
438.0,0.746739
439.0,0.749825
440.0,0.752911
441.0,0.755997
442.0,0.758192
443.0,0.760049
444.0,0.761905
445.0,0.763762
446.0,0.765619
447.0,0.767476
448.0,0.769332
449.0,0.770979
450.0,0.772149
451.0,0.773318
452.0,0.774488
453.0,0.775658
454.0,0.776828
455.0,0.777931
456.0,0.778867
457.0,0.779803
458.0,0.780739
459.0,0.781675
460.0,0.782612
461.0,0.783548
462.0,0.784484
463.0,0.78542
464.0,0.786356
465.0,0.786994
466.0,0.787574
467.0,0.788153
468.0,0.788733
469.0,0.789313
470.0,0.789893
471.0,0.790614
472.0,0.791383
473.0,0.792153
474.0,0.792922
475.0,0.793691
476.0,0.79446
477.0,0.795229
478.0,0.795998
479.0,0.796013
480.0,0.796013
481.0,0.796013
482.0,0.796013
483.0,0.796013
484.0,0.796013
485.0,0.795217
486.0,0.79405
487.0,0.792882
488.0,0.791715
489.0,0.790548
490.0,0.78938
491.0,0.788213
492.0,0.787045
493.0,0.785878
494.0,0.78438
495.0,0.782645
496.0,0.78091
497.0,0.779175
498.0,0.77744
499.0,0.775705
500.0,0.77397
501.0,0.771281
502.0,0.768003
503.0,0.764726
504.0,0.761449
505.0,0.758171
506.0,0.754894
507.0,0.751616
508.0,0.748244
509.0,0.74439
510.0,0.740537
511.0,0.736684
512.0,0.732831
513.0,0.728977
514.0,0.72512
515.0,0.72061
516.0,0.716099
517.0,0.711588
518.0,0.707077
519.0,0.701539
520.0,0.694104
521.0,0.686668
522.0,0.679233
523.0,0.671798
524.0,0.664363
525.0,0.657093
526.0,0.650712
527.0,0.644331
528.0,0.637951
529.0,0.63157
530.0,0.625189
531.0,0.618287
532.0,0.610547
533.0,0.602806
534.0,0.594623
535.0,0.585575
536.0,0.576527
537.0,0.567479
538.0,0.558432
539.0,0.549378
540.0,0.540315
541.0,0.531252
542.0,0.522189
543.0,0.513126
544.0,0.503758
545.0,0.492729
546.0,0.4817
547.0,0.47067
548.0,0.459682
549.0,0.449341
550.0,0.439
551.0,0.428659
552.0,0.418317
553.0,0.407976
554.0,0.39797
555.0,0.388485
556.0,0.379
557.0,0.369515
558.0,0.360063
559.0,0.350688
560.0,0.341313
561.0,0.331938
562.0,0.322564
563.0,0.312387
564.0,0.301988
565.0,0.291589
566.0,0.282052
567.0,0.274555
568.0,0.267058
569.0,0.259561
570.0,0.252042
571.0,0.244389
572.0,0.236736
573.0,0.229083
574.0,0.22143
575.0,0.213777
576.0,0.206124
577.0,0.198276
578.0,0.190135
579.0,0.181994
580.0,0.173854
581.0,0.165713
582.0,0.157572
583.0,0.149431
584.0,0.141988
585.0,0.134736
586.0,0.127484
587.0,0.120231
588.0,0.112979
589.0,0.105726
590.0,0.0994739
591.0,0.0939904
592.0,0.0885069
593.0,0.0830234
594.0,0.0775398
595.0,0.0720563
596.0,0.0670096
597.0,0.0631672
598.0,0.0593247
599.0,0.0554823
600.0,0.0516398
601.0,0.0477974
602.0,0.0439549
603.0,0.0405471
604.0,0.0380279
605.0,0.0355086
606.0,0.0329894
607.0,0.0304701
608.0,0.0279509
609.0,0.0254317
610.0,0.0236644
611.0,0.0223998
612.0,0.0211351
613.0,0.0198704
614.0,0.0183699
615.0,0.0166765
616.0,0.0149831
617.0,0.0132897
618.0,0.0115962
619.0,0.0102226
620.0,0.0104597
621.0,0.0106968
622.0,0.010934
623.0,0.0111711
624.0,0.0114082
625.0,0.0116453
626.0,0.0118825
627.0,0.0121196
628.0,0.0123567
629.0,0.0125938
630.0,0.012831
631.0,0.0130681
632.0,0.0133052
633.0,0.0135423
634.0,0.0137795
635.0,0.0140166
636.0,0.0142537
637.0,0.0156619
638.0,0.0170847
639.0,0.0185074
640.0,0.0199302
641.0,0.0225584
642.0,0.0257201
643.0,0.0288818
644.0,0.0320434
645.0,0.0352051
646.0,0.0397932
647.0,0.0455969
648.0,0.0514006
649.0,0.0572042
650.0,0.0620475
651.0,0.0650703
652.0,0.0680582
653.0,0.0710116
654.0,0.0739304
655.0,0.0768148
656.0,0.0796649
657.0,0.0824808
658.0,0.0852627
659.0,0.0880107
660.0,0.0907248
661.0,0.0934631
662.0,0.0961715
663.0,0.0988502
664.0,0.101499
665.0,0.104119
666.0,0.106709
667.0,0.10927
668.0,0.111802
669.0,0.114305
670.0,0.116779
671.0,0.119139
672.0,0.121466
673.0,0.123761
674.0,0.126023
675.0,0.128253
676.0,0.130452
677.0,0.132618
678.0,0.134754
679.0,0.136857
680.0,0.13893
681.0,0.141042
682.0,0.143126
683.0,0.145181
684.0,0.147209
685.0,0.149209
686.0,0.15118
687.0,0.153125
688.0,0.155041
689.0,0.156931
690.0,0.158793
691.0,0.160617
692.0,0.162414
693.0,0.164183
694.0,0.165926
695.0,0.167643
696.0,0.169332
697.0,0.170996
698.0,0.172633
699.0,0.174245
700.0,0.175831
701.0,0.177605
702.0,0.179359
703.0,0.181093
704.0,0.182806
705.0,0.184499
706.0,0.186172
707.0,0.187825
708.0,0.189458
709.0,0.191071
710.0,0.192665
711.0,0.194267
712.0,0.195851
713.0,0.197416
714.0,0.198963
715.0,0.20049
716.0,0.202
717.0,0.203491
718.0,0.204964
719.0,0.206419
720.0,0.207855
721.0,0.208801
722.0,0.209721
723.0,0.210617
724.0,0.211488
725.0,0.212335
726.0,0.213159
727.0,0.213958
728.0,0.214734
729.0,0.215486
730.0,0.216216
731.0,0.21702
732.0,0.217803
733.0,0.218564
734.0,0.219305
735.0,0.220024
736.0,0.220723
737.0,0.221401
738.0,0.222059
739.0,0.222697
740.0,0.223315
741.0,0.223919
742.0,0.224503
743.0,0.225068
744.0,0.225614
745.0,0.226142
746.0,0.22665
747.0,0.22714
748.0,0.227612
749.0,0.228066
750.0,0.228502
751.0,0.228628
752.0,0.228735
753.0,0.228823
754.0,0.228892
755.0,0.228942
756.0,0.228975
757.0,0.228989
758.0,0.228986
759.0,0.228966
760.0,0.228929
761.0,0.229204
762.0,0.229463
763.0,0.229708
764.0,0.229938
765.0,0.230153
766.0,0.230353
767.0,0.230539
768.0,0.230711
769.0,0.230869
770.0,0.231013
771.0,0.231392
772.0,0.231758
773.0,0.232112
774.0,0.232454
775.0,0.232784
776.0,0.233102
777.0,0.233408
778.0,0.233703
779.0,0.233986
780.0,0.234257
781.0,0.233742
782.0,0.233215
783.0,0.232675
784.0,0.232124
785.0,0.231561
786.0,0.230987
787.0,0.230401
788.0,0.229804
789.0,0.229197
790.0,0.228579
791.0,0.228275
792.0,0.22796
793.0,0.227635
794.0,0.227299
795.0,0.226954
796.0,0.226599
797.0,0.226234
798.0,0.22586
799.0,0.225477
800.0,0.225085
801.0,0.223264
802.0,0.221457
803.0,0.219662
804.0,0.21788
805.0,0.21611
806.0,0.214353
807.0,0.212609
808.0,0.210877
809.0,0.209158
810.0,0.207451
811.0,0.205763
812.0,0.204088
813.0,0.202425
814.0,0.200773
815.0,0.199134
816.0,0.197507
817.0,0.195891
818.0,0.194287
819.0,0.192696
820.0,0.191115
821.0,0.189598
822.0,0.188092
823.0,0.186596
824.0,0.185111
825.0,0.183637
826.0,0.182174
827.0,0.180721
828.0,0.179278
829.0,0.177846
830.0,0.176425
831.0,0.174955
832.0,0.173497
833.0,0.172049
834.0,0.170613
835.0,0.169187
836.0,0.167773
837.0,0.166369
838.0,0.164976
839.0,0.163593
840.0,0.162222
841.0,0.160748
842.0,0.159286
843.0,0.157837
844.0,0.156399
845.0,0.154974
846.0,0.153561
847.0,0.152159
848.0,0.15077
849.0,0.149392
850.0,0.148026
851.0,0.146548
852.0,0.145084
853.0,0.143634
854.0,0.142197
855.0,0.140773
856.0,0.139363
857.0,0.137966
858.0,0.136582
859.0,0.13521
860.0,0.133852
861.0,0.132543
862.0,0.131246
863.0,0.12996
864.0,0.128687
865.0,0.127425
866.0,0.126175
867.0,0.124937
868.0,0.123709
869.0,0.122494
870.0,0.121289
871.0,0.119954
872.0,0.118633
873.0,0.117325
874.0,0.116031
875.0,0.11475
876.0,0.113483
877.0,0.112229
878.0,0.110988
879.0,0.109761
880.0,0.108546
881.0,0.107421
882.0,0.106307
883.0,0.105204
884.0,0.104112
885.0,0.103031
886.0,0.101961
887.0,0.100901
888.0,0.0998517
889.0,0.0988128
890.0,0.0977843
891.0,0.0966389
892.0,0.0955063
893.0,0.0943865
894.0,0.0932791
895.0,0.0921842
896.0,0.0911016
897.0,0.0900312
898.0,0.0889729
899.0,0.0879264
900.0,0.0868918
901.0,0.0859697
902.0,0.085057
903.0,0.0841537
904.0,0.0832596
905.0,0.0823747
906.0,0.0814988
907.0,0.0806319
908.0,0.079774
909.0,0.0789248
910.0,0.0780845
911.0,0.0771786
912.0,0.0762828
913.0,0.0753971
914.0,0.0745214
915.0,0.0736555
916.0,0.0727994
917.0,0.0719529
918.0,0.0711159
919.0,0.0702884
920.0,0.0694702
921.0,0.0685489
922.0,0.0676393
923.0,0.0667415
924.0,0.0658553
925.0,0.0649804
926.0,0.0641169
927.0,0.0632645
928.0,0.0624232
929.0,0.0615927
930.0,0.060773
931.0,0.0599955
932.0,0.0592276
933.0,0.0584693
934.0,0.0577205
935.0,0.0569811
936.0,0.0562509
937.0,0.0555299
938.0,0.0548179
939.0,0.0541148
940.0,0.0534205
941.0,0.0525967
942.0,0.0517854
943.0,0.0509862
944.0,0.0501991
945.0,0.0494239
946.0,0.0486604
947.0,0.0479085
948.0,0.0471679
949.0,0.0464386
950.0,0.0457203
951.0,0.0450463
952.0,0.0443821
953.0,0.0437274
954.0,0.0430823
955.0,0.0424465
956.0,0.0418199
957.0,0.0412024
958.0,0.0405939
959.0,0.0399942
960.0,0.0394033
961.0,0.0387502
962.0,0.0381077
963.0,0.0374757
964.0,0.0368541
965.0,0.0362426
966.0,0.0356411
967.0,0.0350494
968.0,0.0344674
969.0,0.033895
970.0,0.0333319
971.0,0.0328016
972.0,0.0322797
973.0,0.0317659
974.0,0.0312602
975.0,0.0307625
976.0,0.0302726
977.0,0.0297905
978.0,0.0293159
979.0,0.0288488
980.0,0.0283891
981.0,0.0278487
982.0,0.0273186
983.0,0.0267984
984.0,0.026288
985.0,0.0257872
986.0,0.0252959
987.0,0.0248138
988.0,0.0243408
989.0,0.0238768
990.0,0.0234215
991.0,0.0229391
992.0,0.0224664
993.0,0.0220034
994.0,0.0215499
995.0,0.0211057
996.0,0.0206705
997.0,0.0202442
998.0,0.0198267
999.0,0.0194176
1000.0,0.019017
1001.0,0.0185976
1002.0,0.0181874
1003.0,0.0177861
1004.0,0.0173937
1005.0,0.0170098
1006.0,0.0166344
1007.0,0.0162672
1008.0,0.015908
1009.0,0.0155567
1010.0,0.0152132
1011.0,0.0148441
1012.0,0.0144839
1013.0,0.0141324
1014.0,0.0137894
1015.0,0.0134547
1016.0,0.013128
1017.0,0.0128093
1018.0,0.0124982
1019.0,0.0121947
1020.0,0.0118985
1021.0,0.0115735
1022.0,0.0112573
1023.0,0.0109498
1024.0,0.0106506
1025.0,0.0103595
1026.0,0.0100764
1027.0,0.009801
1028.0,0.00953308
1029.0,0.00927247
1030.0,0.00901895
1031.0,0.00876236
1032.0,0.00851305
1033.0,0.00827082
1034.0,0.00803545
1035.0,0.00780677
1036.0,0.00758457
1037.0,0.00736868
1038.0,0.00715892
1039.0,0.00695512
1040.0,0.00675711
1041.0,0.00654056
1042.0,0.00633094
1043.0,0.00612802
1044.0,0.00593159
1045.0,0.00574144
1046.0,0.00555738
1047.0,0.0053792
1048.0,0.00520673
1049.0,0.00503978
1050.0,0.00487818
1051.0,0.00469471
1052.0,0.00451812
1053.0,0.00434817
1054.0,0.0041846
1055.0,0.00402718
1056.0,0.00387567
1057.0,0.00372985
1058.0,0.00358952
1059.0,0.00345445
1060.0,0.00332447
1061.0,0.00321751
1062.0,0.00311399
1063.0,0.0030138
1064.0,0.00291684
1065.0,0.00282298
1066.0,0.00273215
1067.0,0.00264424
1068.0,0.00255916
1069.0,0.00247681
1070.0,0.00239711
1071.0,0.00233685
1072.0,0.00227809
1073.0,0.00222082
1074.0,0.00216499
1075.0,0.00211056
1076.0,0.0020575
1077.0,0.00200577
1078.0,0.00195535
1079.0,0.00190619
1080.0,0.00185827
1081.0,0.00180754
1082.0,0.00175821
1083.0,0.00171021
1084.0,0.00166353
1085.0,0.00161812
1086.0,0.00157396
1087.0,0.001531
1088.0,0.00148921
1089.0,0.00144856
1090.0,0.00140902
1091.0,0.00136811
1092.0,0.00132839
1093.0,0.00128982
1094.0,0.00125237
1095.0,0.00121601
1096.0,0.0011807
1097.0,0.00114642
1098.0,0.00111313
1099.0,0.00108082
1100.0,0.00104944
