# QE_green <= 650 nm, Si QE x filter ramp to T=1 at 800 nm (d=3.0 um, ideal AR, Green 2008 Si; tools/nir_spectra.py)
360.0,0
361.0,0
362.0,0
363.0,0
364.0,0
365.0,0
366.0,0
367.0,0
368.0,0
369.0,0
370.0,0
371.0,0
372.0,0
373.0,0
374.0,0
375.0,0
376.0,0
377.0,0
378.0,0
379.0,0
380.0,0.0566432
381.0,0.0566432
382.0,0.0566432
383.0,0.0566432
384.0,0.0566432
385.0,0.0566432
386.0,0.0566432
387.0,0.0566432
388.0,0.0566432
389.0,0.0566432
390.0,0.0566985
391.0,0.0567678
392.0,0.0568372
393.0,0.0569065
394.0,0.0569759
395.0,0.0570452
396.0,0.0571145
397.0,0.0571839
398.0,0.0572532
399.0,0.0573225
400.0,0.0573919
401.0,0.0574612
402.0,0.0578501
403.0,0.0583047
404.0,0.0587593
405.0,0.0592139
406.0,0.0596685
407.0,0.0601231
408.0,0.0605777
409.0,0.0610323
410.0,0.0614869
411.0,0.0619415
412.0,0.062396
413.0,0.0628506
414.0,0.0633052
415.0,0.0638036
416.0,0.0643943
417.0,0.0649851
418.0,0.0655758
419.0,0.0661666
420.0,0.0667573
421.0,0.067348
422.0,0.0679628
423.0,0.0691191
424.0,0.0702753
425.0,0.0714315
426.0,0.0725878
427.0,0.073744
428.0,0.0749002
429.0,0.0760713
430.0,0.0773587
431.0,0.078646
432.0,0.0799333
433.0,0.0812207
434.0,0.082508
435.0,0.0837954
436.0,0.0850827
437.0,0.0866206
438.0,0.0882879
439.0,0.0899552
440.0,0.0916225
441.0,0.0932898
442.0,0.0949571
443.0,0.0966244
444.0,0.0982156
445.0,0.0998021
446.0,0.101389
447.0,0.102975
448.0,0.104561
449.0,0.106148
450.0,0.108435
451.0,0.111197
452.0,0.113958
453.0,0.11672
454.0,0.119481
455.0,0.122242
456.0,0.125004
457.0,0.129376
458.0,0.135441
459.0,0.141507
460.0,0.147572
461.0,0.153638
462.0,0.159703
463.0,0.165768
464.0,0.173328
465.0,0.1813
466.0,0.189273
467.0,0.197245
468.0,0.205188
469.0,0.213082
470.0,0.220977
471.0,0.228871
472.0,0.236207
473.0,0.240906
474.0,0.245604
475.0,0.250303
476.0,0.255002
477.0,0.2597
478.0,0.263004
479.0,0.264944
480.0,0.266885
481.0,0.268825
482.0,0.270765
483.0,0.27308
484.0,0.275444
485.0,0.277808
486.0,0.280172
487.0,0.282536
488.0,0.2849
489.0,0.287263
490.0,0.289627
491.0,0.291991
492.0,0.295989
493.0,0.303756
494.0,0.311522
495.0,0.319289
496.0,0.327055
497.0,0.336657
498.0,0.349032
499.0,0.361407
500.0,0.373782
501.0,0.386746
502.0,0.401353
503.0,0.415961
504.0,0.429773
505.0,0.442685
506.0,0.455596
507.0,0.469339
508.0,0.48356
509.0,0.497782
510.0,0.510484
511.0,0.521575
512.0,0.532666
513.0,0.544141
514.0,0.555938
515.0,0.567734
516.0,0.577738
517.0,0.585958
518.0,0.594177
519.0,0.602397
520.0,0.610564
521.0,0.618209
522.0,0.625855
523.0,0.633501
524.0,0.641147
525.0,0.64307
526.0,0.644978
527.0,0.646886
528.0,0.648793
529.0,0.650701
530.0,0.652608
531.0,0.654516
532.0,0.656423
533.0,0.658331
534.0,0.658021
535.0,0.655887
536.0,0.653753
537.0,0.651619
538.0,0.649485
539.0,0.647351
540.0,0.645217
541.0,0.641473
542.0,0.636741
543.0,0.63201
544.0,0.627278
545.0,0.622546
546.0,0.617814
547.0,0.613082
548.0,0.606172
549.0,0.599172
550.0,0.592172
551.0,0.585173
552.0,0.578173
553.0,0.570978
554.0,0.563776
555.0,0.556575
556.0,0.549373
557.0,0.542172
558.0,0.533472
559.0,0.524536
560.0,0.5156
561.0,0.506569
562.0,0.496985
563.0,0.487402
564.0,0.477818
565.0,0.468331
566.0,0.459011
567.0,0.44969
568.0,0.44037
569.0,0.430933
570.0,0.421415
571.0,0.411897
572.0,0.402379
573.0,0.392417
574.0,0.38235
575.0,0.372284
576.0,0.362235
577.0,0.352775
578.0,0.343316
579.0,0.333856
580.0,0.324364
581.0,0.314862
582.0,0.30536
583.0,0.295858
584.0,0.286356
585.0,0.276854
586.0,0.267457
587.0,0.258071
588.0,0.248686
589.0,0.239301
590.0,0.229916
591.0,0.220531
592.0,0.211145
593.0,0.201758
594.0,0.192372
595.0,0.183189
596.0,0.175338
597.0,0.167488
598.0,0.159637
599.0,0.152088
600.0,0.145453
601.0,0.138819
602.0,0.132184
603.0,0.12555
604.0,0.119274
605.0,0.113785
606.0,0.108295
607.0,0.102806
608.0,0.0973166
609.0,0.0918272
610.0,0.0869029
611.0,0.0831291
612.0,0.0793553
613.0,0.0755815
614.0,0.0718077
615.0,0.0680338
616.0,0.0644804
617.0,0.0627268
618.0,0.0609733
619.0,0.0592197
620.0,0.0574661
621.0,0.0557125
622.0,0.053959
623.0,0.0522054
624.0,0.0508835
625.0,0.0495726
626.0,0.0482617
627.0,0.0469507
628.0,0.0456398
629.0,0.0443288
630.0,0.0430179
631.0,0.0419261
632.0,0.0415783
633.0,0.0412305
634.0,0.0408827
635.0,0.0405349
636.0,0.0401871
637.0,0.0398394
638.0,0.0394916
639.0,0.0391438
640.0,0.038796
641.0,0.0379358
642.0,0.0369301
643.0,0.0359245
644.0,0.0349188
645.0,0.0339131
646.0,0.0329074
647.0,0.0324071
648.0,0.0321437
649.0,0.0318802
650.0,0.0316167
651.0,0.0350011
652.0,0.0383482
653.0,0.0416584
654.0,0.0449316
655.0,0.048168
656.0,0.0513677
657.0,0.0545309
658.0,0.0576575
659.0,0.0607479
660.0,0.0638021
661.0,0.0668614
662.0,0.0698889
663.0,0.0728845
664.0,0.0758485
665.0,0.0787808
666.0,0.0816817
667.0,0.0845512
668.0,0.0873895
669.0,0.0901967
670.0,0.0929729
671.0,0.0956495
672.0,0.0982912
673.0,0.100898
674.0,0.10347
675.0,0.106008
676.0,0.108511
677.0,0.11098
678.0,0.113415
679.0,0.115817
680.0,0.118185
681.0,0.120579
682.0,0.122944
683.0,0.125278
684.0,0.127581
685.0,0.129855
686.0,0.132098
687.0,0.134312
688.0,0.136497
689.0,0.138652
690.0,0.140778
691.0,0.142864
692.0,0.144921
693.0,0.146949
694.0,0.148948
695.0,0.150918
696.0,0.15286
697.0,0.154774
698.0,0.156659
699.0,0.158516
700.0,0.160346
701.0,0.162344
702.0,0.164319
703.0,0.166272
704.0,0.168204
705.0,0.170114
706.0,0.172002
707.0,0.173869
708.0,0.175714
709.0,0.177538
710.0,0.179341
711.0,0.181149
712.0,0.182937
713.0,0.184705
714.0,0.186453
715.0,0.188181
716.0,0.189888
717.0,0.191576
718.0,0.193245
719.0,0.194894
720.0,0.196523
721.0,0.197685
722.0,0.19882
723.0,0.199927
724.0,0.201009
725.0,0.202063
726.0,0.203092
727.0,0.204094
728.0,0.205071
729.0,0.206023
730.0,0.206949
731.0,0.207944
732.0,0.208915
733.0,0.209864
734.0,0.210789
735.0,0.211691
736.0,0.212571
737.0,0.213428
738.0,0.214263
739.0,0.215076
740.0,0.215868
741.0,0.216643
742.0,0.217397
743.0,0.21813
744.0,0.218842
745.0,0.219533
746.0,0.220204
747.0,0.220855
748.0,0.221486
749.0,0.222097
750.0,0.222688
751.0,0.222975
752.0,0.223241
753.0,0.223485
754.0,0.223709
755.0,0.223912
756.0,0.224095
757.0,0.224258
758.0,0.224402
759.0,0.224526
760.0,0.224632
761.0,0.225041
762.0,0.225434
763.0,0.225811
764.0,0.226171
765.0,0.226514
766.0,0.226842
767.0,0.227154
768.0,0.22745
769.0,0.22773
770.0,0.227995
771.0,0.228491
772.0,0.228973
773.0,0.229442
774.0,0.229897
775.0,0.230339
776.0,0.230768
777.0,0.231184
778.0,0.231587
779.0,0.231977
780.0,0.232354
781.0,0.231951
782.0,0.231533
783.0,0.231101
784.0,0.230656
785.0,0.230197
786.0,0.229725
787.0,0.22924
788.0,0.228742
789.0,0.228232
790.0,0.22771
791.0,0.227498
792.0,0.227275
793.0,0.22704
794.0,0.226793
795.0,0.226536
796.0,0.226267
797.0,0.225987
798.0,0.225697
799.0,0.225396
800.0,0.225085
801.0,0.223264
802.0,0.221457
803.0,0.219662
804.0,0.21788
805.0,0.21611
806.0,0.214353
807.0,0.212609
808.0,0.210877
809.0,0.209158
810.0,0.207451
811.0,0.205763
812.0,0.204088
813.0,0.202425
814.0,0.200773
815.0,0.199134
816.0,0.197507
817.0,0.195891
818.0,0.194287
819.0,0.192696
820.0,0.191115
821.0,0.189598
822.0,0.188092
823.0,0.186596
824.0,0.185111
825.0,0.183637
826.0,0.182174
827.0,0.180721
828.0,0.179278
829.0,0.177846
830.0,0.176425
831.0,0.174955
832.0,0.173497
833.0,0.172049
834.0,0.170613
835.0,0.169187
836.0,0.167773
837.0,0.166369
838.0,0.164976
839.0,0.163593
840.0,0.162222
841.0,0.160748
842.0,0.159286
843.0,0.157837
844.0,0.156399
845.0,0.154974
846.0,0.153561
847.0,0.152159
848.0,0.15077
849.0,0.149392
850.0,0.148026
851.0,0.146548
852.0,0.145084
853.0,0.143634
854.0,0.142197
855.0,0.140773
856.0,0.139363
857.0,0.137966
858.0,0.136582
859.0,0.13521
860.0,0.133852
861.0,0.132543
862.0,0.131246
863.0,0.12996
864.0,0.128687
865.0,0.127425
866.0,0.126175
867.0,0.124937
868.0,0.123709
869.0,0.122494
870.0,0.121289
871.0,0.119954
872.0,0.118633
873.0,0.117325
874.0,0.116031
875.0,0.11475
876.0,0.113483
877.0,0.112229
878.0,0.110988
879.0,0.109761
880.0,0.108546
881.0,0.107421
882.0,0.106307
883.0,0.105204
884.0,0.104112
885.0,0.103031
886.0,0.101961
887.0,0.100901
888.0,0.0998517
889.0,0.0988128
890.0,0.0977843
891.0,0.0966389
892.0,0.0955063
893.0,0.0943865
894.0,0.0932791
895.0,0.0921842
896.0,0.0911016
897.0,0.0900312
898.0,0.0889729
899.0,0.0879264
900.0,0.0868918
901.0,0.0859697
902.0,0.085057
903.0,0.0841537
904.0,0.0832596
905.0,0.0823747
906.0,0.0814988
907.0,0.0806319
908.0,0.079774
909.0,0.0789248
910.0,0.0780845
911.0,0.0771786
912.0,0.0762828
913.0,0.0753971
914.0,0.0745214
915.0,0.0736555
916.0,0.0727994
917.0,0.0719529
918.0,0.0711159
919.0,0.0702884
920.0,0.0694702
921.0,0.0685489
922.0,0.0676393
923.0,0.0667415
924.0,0.0658553
925.0,0.0649804
926.0,0.0641169
927.0,0.0632645
928.0,0.0624232
929.0,0.0615927
930.0,0.060773
931.0,0.0599955
932.0,0.0592276
933.0,0.0584693
934.0,0.0577205
935.0,0.0569811
936.0,0.0562509
937.0,0.0555299
938.0,0.0548179
939.0,0.0541148
940.0,0.0534205
941.0,0.0525967
942.0,0.0517854
943.0,0.0509862
944.0,0.0501991
945.0,0.0494239
946.0,0.0486604
947.0,0.0479085
948.0,0.0471679
949.0,0.0464386
950.0,0.0457203
951.0,0.0450463
952.0,0.0443821
953.0,0.0437274
954.0,0.0430823
955.0,0.0424465
956.0,0.0418199
957.0,0.0412024
958.0,0.0405939
959.0,0.0399942
960.0,0.0394033
961.0,0.0387502
962.0,0.0381077
963.0,0.0374757
964.0,0.0368541
965.0,0.0362426
966.0,0.0356411
967.0,0.0350494
968.0,0.0344674
969.0,0.033895
970.0,0.0333319
971.0,0.0328016
972.0,0.0322797
973.0,0.0317659
974.0,0.0312602
975.0,0.0307625
976.0,0.0302726
977.0,0.0297905
978.0,0.0293159
979.0,0.0288488
980.0,0.0283891
981.0,0.0278487
982.0,0.0273186
983.0,0.0267984
984.0,0.026288
985.0,0.0257872
986.0,0.0252959
987.0,0.0248138
988.0,0.0243408
989.0,0.0238768
990.0,0.0234215
991.0,0.0229391
992.0,0.0224664
993.0,0.0220034
994.0,0.0215499
995.0,0.0211057
996.0,0.0206705
997.0,0.0202442
998.0,0.0198267
999.0,0.0194176
1000.0,0.019017
1001.0,0.0185976
1002.0,0.0181874
1003.0,0.0177861
1004.0,0.0173937
1005.0,0.0170098
1006.0,0.0166344
1007.0,0.0162672
1008.0,0.015908
1009.0,0.0155567
1010.0,0.0152132
1011.0,0.0148441
1012.0,0.0144839
1013.0,0.0141324
1014.0,0.0137894
1015.0,0.0134547
1016.0,0.013128
1017.0,0.0128093
1018.0,0.0124982
1019.0,0.0121947
1020.0,0.0118985
1021.0,0.0115735
1022.0,0.0112573
1023.0,0.0109498
1024.0,0.0106506
1025.0,0.0103595
1026.0,0.0100764
1027.0,0.009801
1028.0,0.00953308
1029.0,0.00927247
1030.0,0.00901895
1031.0,0.00876236
1032.0,0.00851305
1033.0,0.00827082
1034.0,0.00803545
1035.0,0.00780677
1036.0,0.00758457
1037.0,0.00736868
1038.0,0.00715892
1039.0,0.00695512
1040.0,0.00675711
1041.0,0.00654056
1042.0,0.00633094
1043.0,0.00612802
1044.0,0.00593159
1045.0,0.00574144
1046.0,0.00555738
1047.0,0.0053792
1048.0,0.00520673
1049.0,0.00503978
1050.0,0.00487818
1051.0,0.00469471
1052.0,0.00451812
1053.0,0.00434817
1054.0,0.0041846
1055.0,0.00402718
1056.0,0.00387567
1057.0,0.00372985
1058.0,0.00358952
1059.0,0.00345445
1060.0,0.00332447
1061.0,0.00321751
1062.0,0.00311399
1063.0,0.0030138
1064.0,0.00291684
1065.0,0.00282298
1066.0,0.00273215
1067.0,0.00264424
1068.0,0.00255916
1069.0,0.00247681
1070.0,0.00239711
1071.0,0.00233685
1072.0,0.00227809
1073.0,0.00222082
1074.0,0.00216499
1075.0,0.00211056
1076.0,0.0020575
1077.0,0.00200577
1078.0,0.00195535
1079.0,0.00190619
1080.0,0.00185827
1081.0,0.00180754
1082.0,0.00175821
1083.0,0.00171021
1084.0,0.00166353
1085.0,0.00161812
1086.0,0.00157396
1087.0,0.001531
1088.0,0.00148921
1089.0,0.00144856
1090.0,0.00140902
1091.0,0.00136811
1092.0,0.00132839
1093.0,0.00128982
1094.0,0.00125237
1095.0,0.00121601
1096.0,0.0011807
1097.0,0.00114642
1098.0,0.00111313
1099.0,0.00108082
1100.0,0.00104944
