# QE_magenta <= 650 nm, Si QE x filter ramp to T=1 at 800 nm (d=3.0 um, ideal AR, Green 2008 Si; tools/nir_spectra.py)
360.0,0
361.0,0
362.0,0
363.0,0
364.0,0
365.0,0
366.0,0
367.0,0
368.0,0
369.0,0
370.0,0
371.0,0
372.0,0
373.0,0
374.0,0
375.0,0
376.0,0
377.0,0
378.0,0
379.0,0
380.0,0.488391
381.0,0.495316
382.0,0.502241
383.0,0.509166
384.0,0.516091
385.0,0.523016
386.0,0.529941
387.0,0.536867
388.0,0.543792
389.0,0.550717
390.0,0.556418
391.0,0.561809
392.0,0.567199
393.0,0.57259
394.0,0.577981
395.0,0.583372
396.0,0.586968
397.0,0.590245
398.0,0.593522
399.0,0.596798
400.0,0.600075
401.0,0.603352
402.0,0.606629
403.0,0.609905
404.0,0.613182
405.0,0.616459
406.0,0.619736
407.0,0.622034
408.0,0.624072
409.0,0.626111
410.0,0.628149
411.0,0.630188
412.0,0.632226
413.0,0.634264
414.0,0.636303
415.0,0.637559
416.0,0.638632
417.0,0.639706
418.0,0.64078
419.0,0.641854
420.0,0.642885
421.0,0.643786
422.0,0.644687
423.0,0.645587
424.0,0.646488
425.0,0.647389
426.0,0.64829
427.0,0.649191
428.0,0.650092
429.0,0.650993
430.0,0.651143
431.0,0.65049
432.0,0.649837
433.0,0.649185
434.0,0.648532
435.0,0.64788
436.0,0.647227
437.0,0.646574
438.0,0.645922
439.0,0.645269
440.0,0.644617
441.0,0.643964
442.0,0.643312
443.0,0.642659
444.0,0.640551
445.0,0.638273
446.0,0.635995
447.0,0.633717
448.0,0.631439
449.0,0.629161
450.0,0.626884
451.0,0.624319
452.0,0.621005
453.0,0.617691
454.0,0.614377
455.0,0.611063
456.0,0.607749
457.0,0.604435
458.0,0.601122
459.0,0.597383
460.0,0.593625
461.0,0.589868
462.0,0.58611
463.0,0.582353
464.0,0.578441
465.0,0.573265
466.0,0.568089
467.0,0.562913
468.0,0.557737
469.0,0.552562
470.0,0.547386
471.0,0.54221
472.0,0.536613
473.0,0.530685
474.0,0.524757
475.0,0.518828
476.0,0.5129
477.0,0.506972
478.0,0.500471
479.0,0.493845
480.0,0.487219
481.0,0.480593
482.0,0.473857
483.0,0.466687
484.0,0.459517
485.0,0.452347
486.0,0.445176
487.0,0.437941
488.0,0.430369
489.0,0.422797
490.0,0.415225
491.0,0.408346
492.0,0.401943
493.0,0.395541
494.0,0.389138
495.0,0.382736
496.0,0.376349
497.0,0.36999
498.0,0.363631
499.0,0.357272
500.0,0.350913
501.0,0.345106
502.0,0.340838
503.0,0.33657
504.0,0.332301
505.0,0.328033
506.0,0.322284
507.0,0.316487
508.0,0.310691
509.0,0.304522
510.0,0.295156
511.0,0.28579
512.0,0.276425
513.0,0.267067
514.0,0.258109
515.0,0.249151
516.0,0.238514
517.0,0.220529
518.0,0.20784
519.0,0.200132
520.0,0.192424
521.0,0.183783
522.0,0.169723
523.0,0.155663
524.0,0.144203
525.0,0.135311
526.0,0.126418
527.0,0.117767
528.0,0.112436
529.0,0.107106
530.0,0.101775
531.0,0.0970402
532.0,0.093421
533.0,0.0898017
534.0,0.0861824
535.0,0.0825631
536.0,0.0790702
537.0,0.0798274
538.0,0.0805846
539.0,0.0813418
540.0,0.082099
541.0,0.0828562
542.0,0.0836134
543.0,0.0843706
544.0,0.0851279
545.0,0.0858851
546.0,0.0866423
547.0,0.0870804
548.0,0.0868417
549.0,0.0866031
550.0,0.0863644
551.0,0.0861257
552.0,0.0858871
553.0,0.0856484
554.0,0.0854097
555.0,0.0851711
556.0,0.0849324
557.0,0.0845436
558.0,0.0836844
559.0,0.0828252
560.0,0.0819659
561.0,0.0811067
562.0,0.0802475
563.0,0.0793882
564.0,0.0808742
565.0,0.0827651
566.0,0.084656
567.0,0.0865469
568.0,0.0884378
569.0,0.0903287
570.0,0.0922196
571.0,0.0985015
572.0,0.10552
573.0,0.112539
574.0,0.119558
575.0,0.135197
576.0,0.151592
577.0,0.168449
578.0,0.185522
579.0,0.201077
580.0,0.215304
581.0,0.233656
582.0,0.258554
583.0,0.285831
584.0,0.305002
585.0,0.322504
586.0,0.341919
587.0,0.361333
588.0,0.379621
589.0,0.397405
590.0,0.414556
591.0,0.43155
592.0,0.445873
593.0,0.459937
594.0,0.474001
595.0,0.483121
596.0,0.491484
597.0,0.499846
598.0,0.508209
599.0,0.515963
600.0,0.520607
601.0,0.525251
602.0,0.529895
603.0,0.534539
604.0,0.539184
605.0,0.543608
606.0,0.545777
607.0,0.547945
608.0,0.550114
609.0,0.552283
610.0,0.554451
611.0,0.55662
612.0,0.558597
613.0,0.559232
614.0,0.559867
615.0,0.560502
616.0,0.561137
617.0,0.561772
618.0,0.561612
619.0,0.560496
620.0,0.55938
621.0,0.558264
622.0,0.557148
623.0,0.556032
624.0,0.554916
625.0,0.553773
626.0,0.552483
627.0,0.551192
628.0,0.549901
629.0,0.54861
630.0,0.547319
631.0,0.546028
632.0,0.544732
633.0,0.543284
634.0,0.541836
635.0,0.540388
636.0,0.53894
637.0,0.537434
638.0,0.535537
639.0,0.53364
640.0,0.531743
641.0,0.529846
642.0,0.527949
643.0,0.526052
644.0,0.524372
645.0,0.522791
646.0,0.52121
647.0,0.51963
648.0,0.518049
649.0,0.516468
650.0,0.514887
651.0,0.512529
652.0,0.510171
653.0,0.507815
654.0,0.505459
655.0,0.503105
656.0,0.500753
657.0,0.498402
658.0,0.496053
659.0,0.493706
660.0,0.491361
661.0,0.48932
662.0,0.487281
663.0,0.485244
664.0,0.483208
665.0,0.481175
666.0,0.479143
667.0,0.477113
668.0,0.475086
669.0,0.47306
670.0,0.471037
671.0,0.46868
672.0,0.466327
673.0,0.463977
674.0,0.461631
675.0,0.459288
676.0,0.45695
677.0,0.454616
678.0,0.452286
679.0,0.449961
680.0,0.44764
681.0,0.445546
682.0,0.443457
683.0,0.441371
684.0,0.439289
685.0,0.437211
686.0,0.435137
687.0,0.433067
688.0,0.431002
689.0,0.42894
690.0,0.426883
691.0,0.4248
692.0,0.422721
693.0,0.420646
694.0,0.418577
695.0,0.416512
696.0,0.414452
697.0,0.412397
698.0,0.410347
699.0,0.408302
700.0,0.406263
701.0,0.404716
702.0,0.403173
703.0,0.401632
704.0,0.400095
705.0,0.39856
706.0,0.397029
707.0,0.395501
708.0,0.393976
709.0,0.392454
710.0,0.390935
711.0,0.389477
712.0,0.388022
713.0,0.386569
714.0,0.38512
715.0,0.383674
716.0,0.382231
717.0,0.380791
718.0,0.379355
719.0,0.377921
720.0,0.376491
721.0,0.374215
722.0,0.371948
723.0,0.369689
724.0,0.367438
725.0,0.365196
726.0,0.362962
727.0,0.360737
728.0,0.358521
729.0,0.356313
730.0,0.354114
731.0,0.352081
732.0,0.350057
733.0,0.348039
734.0,0.34603
735.0,0.344028
736.0,0.342034
737.0,0.340047
738.0,0.338069
739.0,0.336098
740.0,0.334135
741.0,0.332188
742.0,0.330249
743.0,0.328317
744.0,0.326394
745.0,0.324478
746.0,0.32257
747.0,0.320671
748.0,0.318779
749.0,0.316895
750.0,0.315019
751.0,0.312751
752.0,0.310494
753.0,0.30825
754.0,0.306018
755.0,0.303797
756.0,0.301588
757.0,0.299391
758.0,0.297206
759.0,0.295033
760.0,0.292872
761.0,0.291141
762.0,0.289418
763.0,0.287702
764.0,0.285994
765.0,0.284294
766.0,0.282602
767.0,0.280918
768.0,0.279241
769.0,0.277572
770.0,0.275911
771.0,0.274552
772.0,0.273199
773.0,0.271852
774.0,0.270509
775.0,0.269172
776.0,0.26784
777.0,0.266513
778.0,0.265192
779.0,0.263875
780.0,0.262564
781.0,0.260396
782.0,0.258241
783.0,0.256101
784.0,0.253975
785.0,0.251864
786.0,0.249766
787.0,0.247683
788.0,0.245614
789.0,0.243559
790.0,0.241518
791.0,0.239831
792.0,0.238154
793.0,0.236487
794.0,0.234829
795.0,0.233181
796.0,0.231543
797.0,0.229914
798.0,0.228294
799.0,0.226685
800.0,0.225085
801.0,0.223264
802.0,0.221457
803.0,0.219662
804.0,0.21788
805.0,0.21611
806.0,0.214353
807.0,0.212609
808.0,0.210877
809.0,0.209158
810.0,0.207451
811.0,0.205763
812.0,0.204088
813.0,0.202425
814.0,0.200773
815.0,0.199134
816.0,0.197507
817.0,0.195891
818.0,0.194287
819.0,0.192696
820.0,0.191115
821.0,0.189598
822.0,0.188092
823.0,0.186596
824.0,0.185111
825.0,0.183637
826.0,0.182174
827.0,0.180721
828.0,0.179278
829.0,0.177846
830.0,0.176425
831.0,0.174955
832.0,0.173497
833.0,0.172049
834.0,0.170613
835.0,0.169187
836.0,0.167773
837.0,0.166369
838.0,0.164976
839.0,0.163593
840.0,0.162222
841.0,0.160748
842.0,0.159286
843.0,0.157837
844.0,0.156399
845.0,0.154974
846.0,0.153561
847.0,0.152159
848.0,0.15077
849.0,0.149392
850.0,0.148026
851.0,0.146548
852.0,0.145084
853.0,0.143634
854.0,0.142197
855.0,0.140773
856.0,0.139363
857.0,0.137966
858.0,0.136582
859.0,0.13521
860.0,0.133852
861.0,0.132543
862.0,0.131246
863.0,0.12996
864.0,0.128687
865.0,0.127425
866.0,0.126175
867.0,0.124937
868.0,0.123709
869.0,0.122494
870.0,0.121289
871.0,0.119954
872.0,0.118633
873.0,0.117325
874.0,0.116031
875.0,0.11475
876.0,0.113483
877.0,0.112229
878.0,0.110988
879.0,0.109761
880.0,0.108546
881.0,0.107421
882.0,0.106307
883.0,0.105204
884.0,0.104112
885.0,0.103031
886.0,0.101961
887.0,0.100901
888.0,0.0998517
889.0,0.0988128
890.0,0.0977843
891.0,0.0966389
892.0,0.0955063
893.0,0.0943865
894.0,0.0932791
895.0,0.0921842
896.0,0.0911016
897.0,0.0900312
898.0,0.0889729
899.0,0.0879264
900.0,0.0868918
901.0,0.0859697
902.0,0.085057
903.0,0.0841537
904.0,0.0832596
905.0,0.0823747
906.0,0.0814988
907.0,0.0806319
908.0,0.079774
909.0,0.0789248
910.0,0.0780845
911.0,0.0771786
912.0,0.0762828
913.0,0.0753971
914.0,0.0745214
915.0,0.0736555
916.0,0.0727994
917.0,0.0719529
918.0,0.0711159
919.0,0.0702884
920.0,0.0694702
921.0,0.0685489
922.0,0.0676393
923.0,0.0667415
924.0,0.0658553
925.0,0.0649804
926.0,0.0641169
927.0,0.0632645
928.0,0.0624232
929.0,0.0615927
930.0,0.060773
931.0,0.0599955
932.0,0.0592276
933.0,0.0584693
934.0,0.0577205
935.0,0.0569811
936.0,0.0562509
937.0,0.0555299
938.0,0.0548179
939.0,0.0541148
940.0,0.0534205
941.0,0.0525967
942.0,0.0517854
943.0,0.0509862
944.0,0.0501991
945.0,0.0494239
946.0,0.0486604
947.0,0.0479085
948.0,0.0471679
949.0,0.0464386
950.0,0.0457203
951.0,0.0450463
952.0,0.0443821
953.0,0.0437274
954.0,0.0430823
955.0,0.0424465
956.0,0.0418199
957.0,0.0412024
958.0,0.0405939
959.0,0.0399942
960.0,0.0394033
961.0,0.0387502
962.0,0.0381077
963.0,0.0374757
964.0,0.0368541
965.0,0.0362426
966.0,0.0356411
967.0,0.0350494
968.0,0.0344674
969.0,0.033895
970.0,0.0333319
971.0,0.0328016
972.0,0.0322797
973.0,0.0317659
974.0,0.0312602
975.0,0.0307625
976.0,0.0302726
977.0,0.0297905
978.0,0.0293159
979.0,0.0288488
980.0,0.0283891
981.0,0.0278487
982.0,0.0273186
983.0,0.0267984
984.0,0.026288
985.0,0.0257872
986.0,0.0252959
987.0,0.0248138
988.0,0.0243408
989.0,0.0238768
990.0,0.0234215
991.0,0.0229391
992.0,0.0224664
993.0,0.0220034
994.0,0.0215499
995.0,0.0211057
996.0,0.0206705
997.0,0.0202442
998.0,0.0198267
999.0,0.0194176
1000.0,0.019017
1001.0,0.0185976
1002.0,0.0181874
1003.0,0.0177861
1004.0,0.0173937
1005.0,0.0170098
1006.0,0.0166344
1007.0,0.0162672
1008.0,0.015908
1009.0,0.0155567
1010.0,0.0152132
1011.0,0.0148441
1012.0,0.0144839
1013.0,0.0141324
1014.0,0.0137894
1015.0,0.0134547
1016.0,0.013128
1017.0,0.0128093
1018.0,0.0124982
1019.0,0.0121947
1020.0,0.0118985
1021.0,0.0115735
1022.0,0.0112573
1023.0,0.0109498
1024.0,0.0106506
1025.0,0.0103595
1026.0,0.0100764
1027.0,0.009801
1028.0,0.00953308
1029.0,0.00927247
1030.0,0.00901895
1031.0,0.00876236
1032.0,0.00851305
1033.0,0.00827082
1034.0,0.00803545
1035.0,0.00780677
1036.0,0.00758457
1037.0,0.00736868
1038.0,0.00715892
1039.0,0.00695512
1040.0,0.00675711
1041.0,0.00654056
1042.0,0.00633094
1043.0,0.00612802
1044.0,0.00593159
1045.0,0.00574144
1046.0,0.00555738
1047.0,0.0053792
1048.0,0.00520673
1049.0,0.00503978
1050.0,0.00487818
1051.0,0.00469471
1052.0,0.00451812
1053.0,0.00434817
1054.0,0.0041846
1055.0,0.00402718
1056.0,0.00387567
1057.0,0.00372985
1058.0,0.00358952
1059.0,0.00345445
1060.0,0.00332447
1061.0,0.00321751
1062.0,0.00311399
1063.0,0.0030138
1064.0,0.00291684
1065.0,0.00282298
1066.0,0.00273215
1067.0,0.00264424
1068.0,0.00255916
1069.0,0.00247681
1070.0,0.00239711
1071.0,0.00233685
1072.0,0.00227809
1073.0,0.00222082
1074.0,0.00216499
1075.0,0.00211056
1076.0,0.0020575
1077.0,0.00200577
1078.0,0.00195535
1079.0,0.00190619
1080.0,0.00185827
1081.0,0.00180754
1082.0,0.00175821
1083.0,0.00171021
1084.0,0.00166353
1085.0,0.00161812
1086.0,0.00157396
1087.0,0.001531
1088.0,0.00148921
1089.0,0.00144856
1090.0,0.00140902
1091.0,0.00136811
1092.0,0.00132839
1093.0,0.00128982
1094.0,0.00125237
1095.0,0.00121601
1096.0,0.0011807
1097.0,0.00114642
1098.0,0.00111313
1099.0,0.00108082
1100.0,0.00104944
