# QE_mono <= 650 nm, Si QE x filter ramp to T=1 at 800 nm (d=3.0 um, ideal AR, Green 2008 Si; tools/nir_spectra.py)
360.0,0
361.0,0
362.0,0
363.0,0
364.0,0
365.0,0
366.0,0
367.0,0
368.0,0
369.0,0
370.0,0
371.0,0
372.0,0
373.0,0
374.0,0
375.0,0
376.0,0
377.0,0
378.0,0
379.0,0
380.0,0.667213
381.0,0.670149
382.0,0.673085
383.0,0.676021
384.0,0.678957
385.0,0.681892
386.0,0.684828
387.0,0.687764
388.0,0.6907
389.0,0.693412
390.0,0.696047
391.0,0.698682
392.0,0.701316
393.0,0.703951
394.0,0.706586
395.0,0.709221
396.0,0.711855
397.0,0.714436
398.0,0.716844
399.0,0.719251
400.0,0.721659
401.0,0.724067
402.0,0.726474
403.0,0.728882
404.0,0.731242
405.0,0.733535
406.0,0.735829
407.0,0.738122
408.0,0.740415
409.0,0.742708
410.0,0.745001
411.0,0.747294
412.0,0.749587
413.0,0.75188
414.0,0.754117
415.0,0.756346
416.0,0.758574
417.0,0.760803
418.0,0.763031
419.0,0.76526
420.0,0.767488
421.0,0.769716
422.0,0.771908
423.0,0.773884
424.0,0.77586
425.0,0.777836
426.0,0.779812
427.0,0.781788
428.0,0.783764
429.0,0.78574
430.0,0.787461
431.0,0.789003
432.0,0.790545
433.0,0.792088
434.0,0.79363
435.0,0.795173
436.0,0.796715
437.0,0.79784
438.0,0.798769
439.0,0.799699
440.0,0.800628
441.0,0.801557
442.0,0.802486
443.0,0.803818
444.0,0.805613
445.0,0.807407
446.0,0.809202
447.0,0.810996
448.0,0.812791
449.0,0.814585
450.0,0.81638
451.0,0.817283
452.0,0.817797
453.0,0.818312
454.0,0.818827
455.0,0.819341
456.0,0.819856
457.0,0.820371
458.0,0.820886
459.0,0.8214
460.0,0.821915
461.0,0.82255
462.0,0.823289
463.0,0.824027
464.0,0.824765
465.0,0.825504
466.0,0.826242
467.0,0.82698
468.0,0.827719
469.0,0.828457
470.0,0.829195
471.0,0.829934
472.0,0.830672
473.0,0.831411
474.0,0.831861
475.0,0.831861
476.0,0.831861
477.0,0.831861
478.0,0.831861
479.0,0.831861
480.0,0.831861
481.0,0.831861
482.0,0.831861
483.0,0.831861
484.0,0.831861
485.0,0.831861
486.0,0.831861
487.0,0.831861
488.0,0.831861
489.0,0.831861
490.0,0.83108
491.0,0.830264
492.0,0.829447
493.0,0.828631
494.0,0.827815
495.0,0.826999
496.0,0.826183
497.0,0.825367
498.0,0.824551
499.0,0.823734
500.0,0.822918
501.0,0.822102
502.0,0.821286
503.0,0.82057
504.0,0.819997
505.0,0.819423
506.0,0.81885
507.0,0.818276
508.0,0.817703
509.0,0.817129
510.0,0.816181
511.0,0.815024
512.0,0.813868
513.0,0.812711
514.0,0.811554
515.0,0.810397
516.0,0.809261
517.0,0.80821
518.0,0.80716
519.0,0.80611
520.0,0.80506
521.0,0.80401
522.0,0.80296
523.0,0.801651
524.0,0.80031
525.0,0.798968
526.0,0.797627
527.0,0.796285
528.0,0.794944
529.0,0.793603
530.0,0.792263
531.0,0.791107
532.0,0.789951
533.0,0.788795
534.0,0.787639
535.0,0.786482
536.0,0.785326
537.0,0.78417
538.0,0.782704
539.0,0.780755
540.0,0.778806
541.0,0.776857
542.0,0.774908
543.0,0.772959
544.0,0.77101
545.0,0.769061
546.0,0.767112
547.0,0.765158
548.0,0.763182
549.0,0.761207
550.0,0.759232
551.0,0.757256
552.0,0.755281
553.0,0.753306
554.0,0.75133
555.0,0.749355
556.0,0.747354
557.0,0.745319
558.0,0.743284
559.0,0.741249
560.0,0.739214
561.0,0.737179
562.0,0.735144
563.0,0.7328
564.0,0.730227
565.0,0.727653
566.0,0.72508
567.0,0.722507
568.0,0.719933
569.0,0.71736
570.0,0.71503
571.0,0.71276
572.0,0.71049
573.0,0.70822
574.0,0.705951
575.0,0.703681
576.0,0.701411
577.0,0.699142
578.0,0.696872
579.0,0.694602
580.0,0.692332
581.0,0.690063
582.0,0.687718
583.0,0.685197
584.0,0.682676
585.0,0.680155
586.0,0.677634
587.0,0.675112
588.0,0.672591
589.0,0.67007
590.0,0.667549
591.0,0.665028
592.0,0.662507
593.0,0.659934
594.0,0.657259
595.0,0.654585
596.0,0.65191
597.0,0.649236
598.0,0.646561
599.0,0.643886
600.0,0.641212
601.0,0.638537
602.0,0.635867
603.0,0.633207
604.0,0.630546
605.0,0.627886
606.0,0.625225
607.0,0.622565
608.0,0.619905
609.0,0.617244
610.0,0.614584
611.0,0.612008
612.0,0.609469
613.0,0.606929
614.0,0.60439
615.0,0.601851
616.0,0.599311
617.0,0.596772
618.0,0.594233
619.0,0.591694
620.0,0.589154
621.0,0.586615
622.0,0.584076
623.0,0.581536
624.0,0.578997
625.0,0.576458
626.0,0.573919
627.0,0.571369
628.0,0.568816
629.0,0.566262
630.0,0.563708
631.0,0.561155
632.0,0.558601
633.0,0.556047
634.0,0.553494
635.0,0.55094
636.0,0.548386
637.0,0.545992
638.0,0.543621
639.0,0.541249
640.0,0.538878
641.0,0.536507
642.0,0.534136
643.0,0.531764
644.0,0.529393
645.0,0.527022
646.0,0.525196
647.0,0.524109
648.0,0.523022
649.0,0.521935
650.0,0.520849
651.0,0.518419
652.0,0.515992
653.0,0.513565
654.0,0.51114
655.0,0.508718
656.0,0.506297
657.0,0.503878
658.0,0.501461
659.0,0.499047
660.0,0.496636
661.0,0.494532
662.0,0.49243
663.0,0.490331
664.0,0.488234
665.0,0.486139
666.0,0.484046
667.0,0.481956
668.0,0.479868
669.0,0.477783
670.0,0.475701
671.0,0.473282
672.0,0.470867
673.0,0.468456
674.0,0.466049
675.0,0.463646
676.0,0.461248
677.0,0.458855
678.0,0.456467
679.0,0.454083
680.0,0.451704
681.0,0.449555
682.0,0.44741
683.0,0.44527
684.0,0.443134
685.0,0.441002
686.0,0.438875
687.0,0.436753
688.0,0.434635
689.0,0.432521
690.0,0.430413
691.0,0.428278
692.0,0.426147
693.0,0.424022
694.0,0.421903
695.0,0.419788
696.0,0.417679
697.0,0.415575
698.0,0.413477
699.0,0.411384
700.0,0.409296
701.0,0.407706
702.0,0.406119
703.0,0.404536
704.0,0.402955
705.0,0.401378
706.0,0.399805
707.0,0.398235
708.0,0.396668
709.0,0.395105
710.0,0.393545
711.0,0.392047
712.0,0.390552
713.0,0.38906
714.0,0.387571
715.0,0.386086
716.0,0.384604
717.0,0.383125
718.0,0.38165
719.0,0.380179
720.0,0.378711
721.0,0.376393
722.0,0.374083
723.0,0.371783
724.0,0.369491
725.0,0.367208
726.0,0.364934
727.0,0.362669
728.0,0.360414
729.0,0.358167
730.0,0.355929
731.0,0.353859
732.0,0.351798
733.0,0.349744
734.0,0.347698
735.0,0.345661
736.0,0.343631
737.0,0.341609
738.0,0.339596
739.0,0.337591
740.0,0.335594
741.0,0.333613
742.0,0.331641
743.0,0.329677
744.0,0.327721
745.0,0.325773
746.0,0.323833
747.0,0.321902
748.0,0.319979
749.0,0.318064
750.0,0.316158
751.0,0.313858
752.0,0.311571
753.0,0.309296
754.0,0.307033
755.0,0.304782
756.0,0.302544
757.0,0.300318
758.0,0.298104
759.0,0.295903
760.0,0.293714
761.0,0.291956
762.0,0.290207
763.0,0.288466
764.0,0.286732
765.0,0.285007
766.0,0.28329
767.0,0.281581
768.0,0.27988
769.0,0.278187
770.0,0.276502
771.0,0.275121
772.0,0.273745
773.0,0.272375
774.0,0.27101
775.0,0.269651
776.0,0.268297
777.0,0.266949
778.0,0.265606
779.0,0.264269
780.0,0.262937
781.0,0.260746
782.0,0.258571
783.0,0.256409
784.0,0.254263
785.0,0.252131
786.0,0.250013
787.0,0.24791
788.0,0.245822
789.0,0.243748
790.0,0.241688
791.0,0.239983
792.0,0.238288
793.0,0.236603
794.0,0.234928
795.0,0.233263
796.0,0.231608
797.0,0.229962
798.0,0.228327
799.0,0.226701
800.0,0.225085
801.0,0.223264
802.0,0.221457
803.0,0.219662
804.0,0.21788
805.0,0.21611
806.0,0.214353
807.0,0.212609
808.0,0.210877
809.0,0.209158
810.0,0.207451
811.0,0.205763
812.0,0.204088
813.0,0.202425
814.0,0.200773
815.0,0.199134
816.0,0.197507
817.0,0.195891
818.0,0.194287
819.0,0.192696
820.0,0.191115
821.0,0.189598
822.0,0.188092
823.0,0.186596
824.0,0.185111
825.0,0.183637
826.0,0.182174
827.0,0.180721
828.0,0.179278
829.0,0.177846
830.0,0.176425
831.0,0.174955
832.0,0.173497
833.0,0.172049
834.0,0.170613
835.0,0.169187
836.0,0.167773
837.0,0.166369
838.0,0.164976
839.0,0.163593
840.0,0.162222
841.0,0.160748
842.0,0.159286
843.0,0.157837
844.0,0.156399
845.0,0.154974
846.0,0.153561
847.0,0.152159
848.0,0.15077
849.0,0.149392
850.0,0.148026
851.0,0.146548
852.0,0.145084
853.0,0.143634
854.0,0.142197
855.0,0.140773
856.0,0.139363
857.0,0.137966
858.0,0.136582
859.0,0.13521
860.0,0.133852
861.0,0.132543
862.0,0.131246
863.0,0.12996
864.0,0.128687
865.0,0.127425
866.0,0.126175
867.0,0.124937
868.0,0.123709
869.0,0.122494
870.0,0.121289
871.0,0.119954
872.0,0.118633
873.0,0.117325
874.0,0.116031
875.0,0.11475
876.0,0.113483
877.0,0.112229
878.0,0.110988
879.0,0.109761
880.0,0.108546
881.0,0.107421
882.0,0.106307
883.0,0.105204
884.0,0.104112
885.0,0.103031
886.0,0.101961
887.0,0.100901
888.0,0.0998517
889.0,0.0988128
890.0,0.0977843
891.0,0.0966389
892.0,0.0955063
893.0,0.0943865
894.0,0.0932791
895.0,0.0921842
896.0,0.0911016
897.0,0.0900312
898.0,0.0889729
899.0,0.0879264
900.0,0.0868918
901.0,0.0859697
902.0,0.085057
903.0,0.0841537
904.0,0.0832596
905.0,0.0823747
906.0,0.0814988
907.0,0.0806319
908.0,0.079774
909.0,0.0789248
910.0,0.0780845
911.0,0.0771786
912.0,0.0762828
913.0,0.0753971
914.0,0.0745214
915.0,0.0736555
916.0,0.0727994
917.0,0.0719529
918.0,0.0711159
919.0,0.0702884
920.0,0.0694702
921.0,0.0685489
922.0,0.0676393
923.0,0.0667415
924.0,0.0658553
925.0,0.0649804
926.0,0.0641169
927.0,0.0632645
928.0,0.0624232
929.0,0.0615927
930.0,0.060773
931.0,0.0599955
932.0,0.0592276
933.0,0.0584693
934.0,0.0577205
935.0,0.0569811
936.0,0.0562509
937.0,0.0555299
938.0,0.0548179
939.0,0.0541148
940.0,0.0534205
941.0,0.0525967
942.0,0.0517854
943.0,0.0509862
944.0,0.0501991
945.0,0.0494239
946.0,0.0486604
947.0,0.0479085
948.0,0.0471679
949.0,0.0464386
950.0,0.0457203
951.0,0.0450463
952.0,0.0443821
953.0,0.0437274
954.0,0.0430823
955.0,0.0424465
956.0,0.0418199
957.0,0.0412024
958.0,0.0405939
959.0,0.0399942
960.0,0.0394033
961.0,0.0387502
962.0,0.0381077
963.0,0.0374757
964.0,0.0368541
965.0,0.0362426
966.0,0.0356411
967.0,0.0350494
968.0,0.0344674
969.0,0.033895
970.0,0.0333319
971.0,0.0328016
972.0,0.0322797
973.0,0.0317659
974.0,0.0312602
975.0,0.0307625
976.0,0.0302726
977.0,0.0297905
978.0,0.0293159
979.0,0.0288488
980.0,0.0283891
981.0,0.0278487
982.0,0.0273186
983.0,0.0267984
984.0,0.026288
985.0,0.0257872
986.0,0.0252959
987.0,0.0248138
988.0,0.0243408
989.0,0.0238768
990.0,0.0234215
991.0,0.0229391
992.0,0.0224664
993.0,0.0220034
994.0,0.0215499
995.0,0.0211057
996.0,0.0206705
997.0,0.0202442
998.0,0.0198267
999.0,0.0194176
1000.0,0.019017
1001.0,0.0185976
1002.0,0.0181874
1003.0,0.0177861
1004.0,0.0173937
1005.0,0.0170098
1006.0,0.0166344
1007.0,0.0162672
1008.0,0.015908
1009.0,0.0155567
1010.0,0.0152132
1011.0,0.0148441
1012.0,0.0144839
1013.0,0.0141324
1014.0,0.0137894
1015.0,0.0134547
1016.0,0.013128
1017.0,0.0128093
1018.0,0.0124982
1019.0,0.0121947
1020.0,0.0118985
1021.0,0.0115735
1022.0,0.0112573
1023.0,0.0109498
1024.0,0.0106506
1025.0,0.0103595
1026.0,0.0100764
1027.0,0.009801
1028.0,0.00953308
1029.0,0.00927247
1030.0,0.00901895
1031.0,0.00876236
1032.0,0.00851305
1033.0,0.00827082
1034.0,0.00803545
1035.0,0.00780677
1036.0,0.00758457
1037.0,0.00736868
1038.0,0.00715892
1039.0,0.00695512
1040.0,0.00675711
1041.0,0.00654056
1042.0,0.00633094
1043.0,0.00612802
1044.0,0.00593159
1045.0,0.00574144
1046.0,0.00555738
1047.0,0.0053792
1048.0,0.00520673
1049.0,0.00503978
1050.0,0.00487818
1051.0,0.00469471
1052.0,0.00451812
1053.0,0.00434817
1054.0,0.0041846
1055.0,0.00402718
1056.0,0.00387567
1057.0,0.00372985
1058.0,0.00358952
1059.0,0.00345445
1060.0,0.00332447
1061.0,0.00321751
1062.0,0.00311399
1063.0,0.0030138
1064.0,0.00291684
1065.0,0.00282298
1066.0,0.00273215
1067.0,0.00264424
1068.0,0.00255916
1069.0,0.00247681
1070.0,0.00239711
1071.0,0.00233685
1072.0,0.00227809
1073.0,0.00222082
1074.0,0.00216499
1075.0,0.00211056
1076.0,0.0020575
1077.0,0.00200577
1078.0,0.00195535
1079.0,0.00190619
1080.0,0.00185827
1081.0,0.00180754
1082.0,0.00175821
1083.0,0.00171021
1084.0,0.00166353
1085.0,0.00161812
1086.0,0.00157396
1087.0,0.001531
1088.0,0.00148921
1089.0,0.00144856
1090.0,0.00140902
1091.0,0.00136811
1092.0,0.00132839
1093.0,0.00128982
1094.0,0.00125237
1095.0,0.00121601
1096.0,0.0011807
1097.0,0.00114642
1098.0,0.00111313
1099.0,0.00108082
1100.0,0.00104944
