# QE_red <= 650 nm, Si QE x filter ramp to T=1 at 800 nm (d=3.0 um, ideal AR, Green 2008 Si; tools/nir_spectra.py)
360.0,0
361.0,0
362.0,0
363.0,0
364.0,0
365.0,0
366.0,0
367.0,0
368.0,0
369.0,0
370.0,0
371.0,0
372.0,0
373.0,0
374.0,0
375.0,0
376.0,0
377.0,0
378.0,0
379.0,0
380.0,0.112942
381.0,0.111056
382.0,0.10917
383.0,0.107283
384.0,0.105397
385.0,0.103511
386.0,0.101624
387.0,0.0997382
388.0,0.097852
389.0,0.095839
390.0,0.0935986
391.0,0.0913582
392.0,0.0891177
393.0,0.0868773
394.0,0.0846369
395.0,0.0823964
396.0,0.080156
397.0,0.0778122
398.0,0.0751388
399.0,0.0724655
400.0,0.0697922
401.0,0.0671189
402.0,0.0644456
403.0,0.0617722
404.0,0.059755
405.0,0.0579582
406.0,0.0561615
407.0,0.0543647
408.0,0.052568
409.0,0.0507712
410.0,0.0489745
411.0,0.0473207
412.0,0.0457295
413.0,0.0441382
414.0,0.042547
415.0,0.0409558
416.0,0.0393645
417.0,0.0377733
418.0,0.0361821
419.0,0.0345908
420.0,0.0329996
421.0,0.0314083
422.0,0.0298171
423.0,0.0288142
424.0,0.0280315
425.0,0.0272489
426.0,0.0264662
427.0,0.0256835
428.0,0.0249009
429.0,0.0241929
430.0,0.0235921
431.0,0.0229912
432.0,0.0223903
433.0,0.0217894
434.0,0.0211886
435.0,0.0203712
436.0,0.0194853
437.0,0.0185994
438.0,0.0177134
439.0,0.0168275
440.0,0.0159415
441.0,0.0150556
442.0,0.0142295
443.0,0.0139535
444.0,0.0136774
445.0,0.0134013
446.0,0.0131253
447.0,0.0128492
448.0,0.0125731
449.0,0.0122971
450.0,0.012021
451.0,0.0117934
452.0,0.0116692
453.0,0.0115451
454.0,0.0114209
455.0,0.0112968
456.0,0.0111726
457.0,0.0110485
458.0,0.0109243
459.0,0.0108858
460.0,0.0110494
461.0,0.0112129
462.0,0.0113764
463.0,0.01154
464.0,0.0117035
465.0,0.0118329
466.0,0.0118329
467.0,0.0118329
468.0,0.0118329
469.0,0.0118329
470.0,0.0118329
471.0,0.0118329
472.0,0.0117224
473.0,0.0113272
474.0,0.010932
475.0,0.0105368
476.0,0.0105549
477.0,0.010986
478.0,0.0114172
479.0,0.0118483
480.0,0.0122794
481.0,0.0127106
482.0,0.0131417
483.0,0.0132186
484.0,0.0130295
485.0,0.0128405
486.0,0.0126514
487.0,0.0124624
488.0,0.0122733
489.0,0.01222
490.0,0.01222
491.0,0.01222
492.0,0.01222
493.0,0.01222
494.0,0.01222
495.0,0.01222
496.0,0.01222
497.0,0.01222
498.0,0.01222
499.0,0.01222
500.0,0.0122647
501.0,0.0126295
502.0,0.0129943
503.0,0.0133591
504.0,0.013724
505.0,0.0140888
506.0,0.0144166
507.0,0.014713
508.0,0.0150095
509.0,0.0153059
510.0,0.0156023
511.0,0.0158987
512.0,0.0161951
513.0,0.0169702
514.0,0.0179824
515.0,0.0189946
516.0,0.0200068
517.0,0.021019
518.0,0.0219429
519.0,0.0228598
520.0,0.0237767
521.0,0.0246936
522.0,0.0256104
523.0,0.0265273
524.0,0.0274442
525.0,0.0283611
526.0,0.029278
527.0,0.0294204
528.0,0.0287154
529.0,0.0280105
530.0,0.0273055
531.0,0.0266005
532.0,0.0258956
533.0,0.0251906
534.0,0.0244856
535.0,0.0232005
536.0,0.0216769
537.0,0.0201533
538.0,0.0186297
539.0,0.0171061
540.0,0.0155825
541.0,0.0141108
542.0,0.0132404
543.0,0.0123699
544.0,0.0114995
545.0,0.0107246
546.0,0.0100362
547.0,0.00934773
548.0,0.00865931
549.0,0.00797088
550.0,0.00728245
551.0,0.00659402
552.0,0.00590559
553.0,0.00521716
554.0,0.00452873
555.0,0.00463565
556.0,0.00499167
557.0,0.0053477
558.0,0.00570372
559.0,0.00605974
560.0,0.00610998
561.0,0.00610998
562.0,0.00610998
563.0,0.00610998
564.0,0.00672769
565.0,0.00782212
566.0,0.00891654
567.0,0.010011
568.0,0.0111054
569.0,0.0121998
570.0,0.0153234
571.0,0.0184851
572.0,0.0216468
573.0,0.0262085
574.0,0.041381
575.0,0.0574811
576.0,0.0758583
577.0,0.123984
578.0,0.148961
579.0,0.212382
580.0,0.245053
581.0,0.281697
582.0,0.327383
583.0,0.385281
584.0,0.414815
585.0,0.436631
586.0,0.468854
587.0,0.503204
588.0,0.516877
589.0,0.529025
590.0,0.538704
591.0,0.548383
592.0,0.558063
593.0,0.564949
594.0,0.571099
595.0,0.577249
596.0,0.583399
597.0,0.589549
598.0,0.594294
599.0,0.595725
600.0,0.597155
601.0,0.598585
602.0,0.600016
603.0,0.601446
604.0,0.602876
605.0,0.602058
606.0,0.6002
607.0,0.598341
608.0,0.596483
609.0,0.594603
610.0,0.592232
611.0,0.58986
612.0,0.587489
613.0,0.585118
614.0,0.582747
615.0,0.579926
616.0,0.577049
617.0,0.574172
618.0,0.571295
619.0,0.568418
620.0,0.565195
621.0,0.561961
622.0,0.558728
623.0,0.555494
624.0,0.552261
625.0,0.549027
626.0,0.545768
627.0,0.541928
628.0,0.538087
629.0,0.534247
630.0,0.530406
631.0,0.526566
632.0,0.523997
633.0,0.521944
634.0,0.519891
635.0,0.517838
636.0,0.515785
637.0,0.513406
638.0,0.510898
639.0,0.508389
640.0,0.505881
641.0,0.503373
642.0,0.500864
643.0,0.498478
644.0,0.496305
645.0,0.494132
646.0,0.49196
647.0,0.489787
648.0,0.487614
649.0,0.485441
650.0,0.483347
651.0,0.481363
652.0,0.479378
653.0,0.477392
654.0,0.475404
655.0,0.473415
656.0,0.471424
657.0,0.469434
658.0,0.467442
659.0,0.46545
660.0,0.463457
661.0,0.461749
662.0,0.460041
663.0,0.458332
664.0,0.456623
665.0,0.454913
666.0,0.453203
667.0,0.451493
668.0,0.449783
669.0,0.448073
670.0,0.446364
671.0,0.444335
672.0,0.442307
673.0,0.440281
674.0,0.438256
675.0,0.436232
676.0,0.43421
677.0,0.432189
678.0,0.43017
679.0,0.428153
680.0,0.426138
681.0,0.424338
682.0,0.422539
683.0,0.420741
684.0,0.418946
685.0,0.417152
686.0,0.415359
687.0,0.413569
688.0,0.411781
689.0,0.409995
690.0,0.408211
691.0,0.406399
692.0,0.40459
693.0,0.402784
694.0,0.40098
695.0,0.399178
696.0,0.397379
697.0,0.395584
698.0,0.393791
699.0,0.392
700.0,0.390213
701.0,0.388898
702.0,0.387584
703.0,0.386272
704.0,0.384961
705.0,0.383651
706.0,0.382343
707.0,0.381036
708.0,0.379731
709.0,0.378428
710.0,0.377126
711.0,0.375881
712.0,0.374637
713.0,0.373395
714.0,0.372154
715.0,0.370916
716.0,0.369678
717.0,0.368442
718.0,0.367208
719.0,0.365976
720.0,0.364745
721.0,0.362694
722.0,0.360649
723.0,0.358609
724.0,0.356576
725.0,0.354549
726.0,0.352528
727.0,0.350514
728.0,0.348506
729.0,0.346504
730.0,0.344509
731.0,0.342674
732.0,0.340845
733.0,0.339022
734.0,0.337204
735.0,0.335391
736.0,0.333585
737.0,0.331784
738.0,0.329989
739.0,0.328199
740.0,0.326416
741.0,0.324647
742.0,0.322883
743.0,0.321126
744.0,0.319375
745.0,0.317629
746.0,0.31589
747.0,0.314156
748.0,0.312429
749.0,0.310708
750.0,0.308993
751.0,0.306892
752.0,0.3048
753.0,0.302718
754.0,0.300646
755.0,0.298583
756.0,0.296531
757.0,0.294488
758.0,0.292455
759.0,0.290431
760.0,0.288418
761.0,0.286827
762.0,0.285242
763.0,0.283663
764.0,0.28209
765.0,0.280524
766.0,0.278963
767.0,0.277409
768.0,0.275861
769.0,0.274319
770.0,0.272784
771.0,0.271546
772.0,0.270313
773.0,0.269084
774.0,0.267859
775.0,0.266638
776.0,0.265421
777.0,0.264208
778.0,0.262999
779.0,0.261794
780.0,0.260593
781.0,0.258539
782.0,0.256498
783.0,0.254469
784.0,0.252453
785.0,0.250449
786.0,0.248458
787.0,0.246479
788.0,0.244513
789.0,0.242559
790.0,0.240617
791.0,0.239026
792.0,0.237444
793.0,0.23587
794.0,0.234305
795.0,0.232747
796.0,0.231198
797.0,0.229657
798.0,0.228125
799.0,0.226601
800.0,0.225085
801.0,0.223264
802.0,0.221457
803.0,0.219662
804.0,0.21788
805.0,0.21611
806.0,0.214353
807.0,0.212609
808.0,0.210877
809.0,0.209158
810.0,0.207451
811.0,0.205763
812.0,0.204088
813.0,0.202425
814.0,0.200773
815.0,0.199134
816.0,0.197507
817.0,0.195891
818.0,0.194287
819.0,0.192696
820.0,0.191115
821.0,0.189598
822.0,0.188092
823.0,0.186596
824.0,0.185111
825.0,0.183637
826.0,0.182174
827.0,0.180721
828.0,0.179278
829.0,0.177846
830.0,0.176425
831.0,0.174955
832.0,0.173497
833.0,0.172049
834.0,0.170613
835.0,0.169187
836.0,0.167773
837.0,0.166369
838.0,0.164976
839.0,0.163593
840.0,0.162222
841.0,0.160748
842.0,0.159286
843.0,0.157837
844.0,0.156399
845.0,0.154974
846.0,0.153561
847.0,0.152159
848.0,0.15077
849.0,0.149392
850.0,0.148026
851.0,0.146548
852.0,0.145084
853.0,0.143634
854.0,0.142197
855.0,0.140773
856.0,0.139363
857.0,0.137966
858.0,0.136582
859.0,0.13521
860.0,0.133852
861.0,0.132543
862.0,0.131246
863.0,0.12996
864.0,0.128687
865.0,0.127425
866.0,0.126175
867.0,0.124937
868.0,0.123709
869.0,0.122494
870.0,0.121289
871.0,0.119954
872.0,0.118633
873.0,0.117325
874.0,0.116031
875.0,0.11475
876.0,0.113483
877.0,0.112229
878.0,0.110988
879.0,0.109761
880.0,0.108546
881.0,0.107421
882.0,0.106307
883.0,0.105204
884.0,0.104112
885.0,0.103031
886.0,0.101961
887.0,0.100901
888.0,0.0998517
889.0,0.0988128
890.0,0.0977843
891.0,0.0966389
892.0,0.0955063
893.0,0.0943865
894.0,0.0932791
895.0,0.0921842
896.0,0.0911016
897.0,0.0900312
898.0,0.0889729
899.0,0.0879264
900.0,0.0868918
901.0,0.0859697
902.0,0.085057
903.0,0.0841537
904.0,0.0832596
905.0,0.0823747
906.0,0.0814988
907.0,0.0806319
908.0,0.079774
909.0,0.0789248
910.0,0.0780845
911.0,0.0771786
912.0,0.0762828
913.0,0.0753971
914.0,0.0745214
915.0,0.0736555
916.0,0.0727994
917.0,0.0719529
918.0,0.0711159
919.0,0.0702884
920.0,0.0694702
921.0,0.0685489
922.0,0.0676393
923.0,0.0667415
924.0,0.0658553
925.0,0.0649804
926.0,0.0641169
927.0,0.0632645
928.0,0.0624232
929.0,0.0615927
930.0,0.060773
931.0,0.0599955
932.0,0.0592276
933.0,0.0584693
934.0,0.0577205
935.0,0.0569811
936.0,0.0562509
937.0,0.0555299
938.0,0.0548179
939.0,0.0541148
940.0,0.0534205
941.0,0.0525967
942.0,0.0517854
943.0,0.0509862
944.0,0.0501991
945.0,0.0494239
946.0,0.0486604
947.0,0.0479085
948.0,0.0471679
949.0,0.0464386
950.0,0.0457203
951.0,0.0450463
952.0,0.0443821
953.0,0.0437274
954.0,0.0430823
955.0,0.0424465
956.0,0.0418199
957.0,0.0412024
958.0,0.0405939
959.0,0.0399942
960.0,0.0394033
961.0,0.0387502
962.0,0.0381077
963.0,0.0374757
964.0,0.0368541
965.0,0.0362426
966.0,0.0356411
967.0,0.0350494
968.0,0.0344674
969.0,0.033895
970.0,0.0333319
971.0,0.0328016
972.0,0.0322797
973.0,0.0317659
974.0,0.0312602
975.0,0.0307625
976.0,0.0302726
977.0,0.0297905
978.0,0.0293159
979.0,0.0288488
980.0,0.0283891
981.0,0.0278487
982.0,0.0273186
983.0,0.0267984
984.0,0.026288
985.0,0.0257872
986.0,0.0252959
987.0,0.0248138
988.0,0.0243408
989.0,0.0238768
990.0,0.0234215
991.0,0.0229391
992.0,0.0224664
993.0,0.0220034
994.0,0.0215499
995.0,0.0211057
996.0,0.0206705
997.0,0.0202442
998.0,0.0198267
999.0,0.0194176
1000.0,0.019017
1001.0,0.0185976
1002.0,0.0181874
1003.0,0.0177861
1004.0,0.0173937
1005.0,0.0170098
1006.0,0.0166344
1007.0,0.0162672
1008.0,0.015908
1009.0,0.0155567
1010.0,0.0152132
1011.0,0.0148441
1012.0,0.0144839
1013.0,0.0141324
1014.0,0.0137894
1015.0,0.0134547
1016.0,0.013128
1017.0,0.0128093
1018.0,0.0124982
1019.0,0.0121947
1020.0,0.0118985
1021.0,0.0115735
1022.0,0.0112573
1023.0,0.0109498
1024.0,0.0106506
1025.0,0.0103595
1026.0,0.0100764
1027.0,0.009801
1028.0,0.00953308
1029.0,0.00927247
1030.0,0.00901895
1031.0,0.00876236
1032.0,0.00851305
1033.0,0.00827082
1034.0,0.00803545
1035.0,0.00780677
1036.0,0.00758457
1037.0,0.00736868
1038.0,0.00715892
1039.0,0.00695512
1040.0,0.00675711
1041.0,0.00654056
1042.0,0.00633094
1043.0,0.00612802
1044.0,0.00593159
1045.0,0.00574144
1046.0,0.00555738
1047.0,0.0053792
1048.0,0.00520673
1049.0,0.00503978
1050.0,0.00487818
1051.0,0.00469471
1052.0,0.00451812
1053.0,0.00434817
1054.0,0.0041846
1055.0,0.00402718
1056.0,0.00387567
1057.0,0.00372985
1058.0,0.00358952
1059.0,0.00345445
1060.0,0.00332447
1061.0,0.00321751
1062.0,0.00311399
1063.0,0.0030138
1064.0,0.00291684
1065.0,0.00282298
1066.0,0.00273215
1067.0,0.00264424
1068.0,0.00255916
1069.0,0.00247681
1070.0,0.00239711
1071.0,0.00233685
1072.0,0.00227809
1073.0,0.00222082
1074.0,0.00216499
1075.0,0.00211056
1076.0,0.0020575
1077.0,0.00200577
1078.0,0.00195535
1079.0,0.00190619
1080.0,0.00185827
1081.0,0.00180754
1082.0,0.00175821
1083.0,0.00171021
1084.0,0.00166353
1085.0,0.00161812
1086.0,0.00157396
1087.0,0.001531
1088.0,0.00148921
1089.0,0.00144856
1090.0,0.00140902
1091.0,0.00136811
1092.0,0.00132839
1093.0,0.00128982
1094.0,0.00125237
1095.0,0.00121601
1096.0,0.0011807
1097.0,0.00114642
1098.0,0.00111313
1099.0,0.00108082
1100.0,0.00104944
