# Si photodiode QE model (d=3.0 um, ideal AR, Green 2008 Si; tools/nir_spectra.py)
360.0,1
361.0,1
362.0,1
363.0,1
364.0,1
365.0,1
366.0,1
367.0,1
368.0,1
369.0,1
370.0,1
371.0,1
372.0,1
373.0,1
374.0,1
375.0,1
376.0,1
377.0,1
378.0,1
379.0,1
380.0,1
381.0,1
382.0,1
383.0,1
384.0,1
385.0,1
386.0,1
387.0,1
388.0,1
389.0,1
390.0,1
391.0,1
392.0,1
393.0,1
394.0,1
395.0,1
396.0,1
397.0,1
398.0,1
399.0,1
400.0,1
401.0,1
402.0,1
403.0,1
404.0,1
405.0,1
406.0,1
407.0,1
408.0,1
409.0,1
410.0,1
411.0,1
412.0,1
413.0,1
414.0,1
415.0,1
416.0,1
417.0,1
418.0,1
419.0,1
420.0,1
421.0,1
422.0,1
423.0,1
424.0,0.999999
425.0,0.999999
426.0,0.999999
427.0,0.999998
428.0,0.999997
429.0,0.999996
430.0,0.999994
431.0,0.999992
432.0,0.999989
433.0,0.999985
434.0,0.99998
435.0,0.999973
436.0,0.999964
437.0,0.999953
438.0,0.999938
439.0,0.999919
440.0,0.999896
441.0,0.999871
442.0,0.99984
443.0,0.999804
444.0,0.99976
445.0,0.999709
446.0,0.999647
447.0,0.999575
448.0,0.99949
449.0,0.999391
450.0,0.999275
451.0,0.999157
452.0,0.999022
453.0,0.998869
454.0,0.998696
455.0,0.998501
456.0,0.998282
457.0,0.998037
458.0,0.997764
459.0,0.997459
460.0,0.99712
461.0,0.996838
462.0,0.996533
463.0,0.996204
464.0,0.995851
465.0,0.995471
466.0,0.995063
467.0,0.994626
468.0,0.994158
469.0,0.993659
470.0,0.993126
471.0,0.992624
472.0,0.992094
473.0,0.991535
474.0,0.990945
475.0,0.990323
476.0,0.989668
477.0,0.98898
478.0,0.988256
479.0,0.987497
480.0,0.9867
481.0,0.985915
482.0,0.985094
483.0,0.984238
484.0,0.983346
485.0,0.982416
486.0,0.981448
487.0,0.980441
488.0,0.979394
489.0,0.978306
490.0,0.977177
491.0,0.976062
492.0,0.974909
493.0,0.973716
494.0,0.972482
495.0,0.971208
496.0,0.969893
497.0,0.968535
498.0,0.967135
499.0,0.965692
500.0,0.964206
501.0,0.962571
502.0,0.960886
503.0,0.95915
504.0,0.957362
505.0,0.955522
506.0,0.953629
507.0,0.951683
508.0,0.949684
509.0,0.947631
510.0,0.945524
511.0,0.943964
512.0,0.942375
513.0,0.940758
514.0,0.939112
515.0,0.937438
516.0,0.935736
517.0,0.934005
518.0,0.932245
519.0,0.930457
520.0,0.928641
521.0,0.926465
522.0,0.924249
523.0,0.921994
524.0,0.919699
525.0,0.917365
526.0,0.914991
527.0,0.912578
528.0,0.910126
529.0,0.907635
530.0,0.905105
531.0,0.902682
532.0,0.900225
533.0,0.897734
534.0,0.895209
535.0,0.892651
536.0,0.890059
537.0,0.887435
538.0,0.884777
539.0,0.882087
540.0,0.879366
541.0,0.876841
542.0,0.874289
543.0,0.871712
544.0,0.869108
545.0,0.866479
546.0,0.863824
547.0,0.861145
548.0,0.85844
549.0,0.855711
550.0,0.852958
551.0,0.850112
552.0,0.847242
553.0,0.844347
554.0,0.841428
555.0,0.838486
556.0,0.835519
557.0,0.83253
558.0,0.829518
559.0,0.826484
560.0,0.823428
561.0,0.820876
562.0,0.81831
563.0,0.81573
564.0,0.813136
565.0,0.810528
566.0,0.807907
567.0,0.805273
568.0,0.802625
569.0,0.799966
570.0,0.797293
571.0,0.79449
572.0,0.791673
573.0,0.788843
574.0,0.786
575.0,0.783146
576.0,0.780279
577.0,0.7774
578.0,0.77451
579.0,0.771609
580.0,0.768697
581.0,0.765866
582.0,0.763025
583.0,0.760175
584.0,0.757316
585.0,0.754448
586.0,0.751571
587.0,0.748686
588.0,0.745793
589.0,0.742892
590.0,0.739983
591.0,0.737427
592.0,0.734866
593.0,0.7323
594.0,0.729729
595.0,0.727153
596.0,0.724572
597.0,0.721988
598.0,0.719398
599.0,0.716805
600.0,0.714208
601.0,0.710831
602.0,0.707447
603.0,0.704057
604.0,0.700661
605.0,0.69726
606.0,0.693853
607.0,0.690441
608.0,0.687025
609.0,0.683604
610.0,0.68018
611.0,0.677384
612.0,0.674585
613.0,0.671786
614.0,0.668984
615.0,0.666182
616.0,0.663378
617.0,0.660574
618.0,0.657768
619.0,0.654962
620.0,0.652156
621.0,0.649557
622.0,0.646959
623.0,0.644361
624.0,0.641763
625.0,0.639165
626.0,0.636569
627.0,0.633972
628.0,0.631377
629.0,0.628783
630.0,0.62619
631.0,0.62327
632.0,0.620352
633.0,0.617436
634.0,0.614521
635.0,0.611608
636.0,0.608698
637.0,0.60579
638.0,0.602884
639.0,0.599981
640.0,0.597081
641.0,0.594054
642.0,0.59103
643.0,0.58801
644.0,0.584994
645.0,0.581981
646.0,0.578973
647.0,0.575969
648.0,0.572969
649.0,0.569974
650.0,0.566983
651.0,0.564006
652.0,0.561033
653.0,0.558066
654.0,0.555104
655.0,0.552147
656.0,0.549196
657.0,0.546251
658.0,0.543312
659.0,0.540379
660.0,0.537452
661.0,0.534861
662.0,0.532276
663.0,0.529696
664.0,0.527121
665.0,0.524552
666.0,0.521989
667.0,0.519431
668.0,0.516879
669.0,0.514333
670.0,0.511792
671.0,0.508893
672.0,0.506
673.0,0.503116
674.0,0.50024
675.0,0.497372
676.0,0.494511
677.0,0.49166
678.0,0.488816
679.0,0.485981
680.0,0.483155
681.0,0.480577
682.0,0.478008
683.0,0.475445
684.0,0.472891
685.0,0.470343
686.0,0.467804
687.0,0.465273
688.0,0.462749
689.0,0.460233
690.0,0.457725
691.0,0.455192
692.0,0.452667
693.0,0.45015
694.0,0.447642
695.0,0.445142
696.0,0.442651
697.0,0.440169
698.0,0.437694
699.0,0.435229
700.0,0.432772
701.0,0.430844
702.0,0.428921
703.0,0.427004
704.0,0.425092
705.0,0.423186
706.0,0.421287
707.0,0.419392
708.0,0.417504
709.0,0.415621
710.0,0.413745
711.0,0.411934
712.0,0.410129
713.0,0.40833
714.0,0.406536
715.0,0.404748
716.0,0.402966
717.0,0.401188
718.0,0.399417
719.0,0.397651
720.0,0.395891
721.0,0.393245
722.0,0.390611
723.0,0.387989
724.0,0.385379
725.0,0.382781
726.0,0.380196
727.0,0.377623
728.0,0.375062
729.0,0.372514
730.0,0.369978
731.0,0.367619
732.0,0.365271
733.0,0.362935
734.0,0.360609
735.0,0.358294
736.0,0.35599
737.0,0.353697
738.0,0.351415
739.0,0.349144
740.0,0.346884
741.0,0.344643
742.0,0.342414
743.0,0.340195
744.0,0.337988
745.0,0.335791
746.0,0.333605
747.0,0.331431
748.0,0.329267
749.0,0.327114
750.0,0.324972
751.0,0.322428
752.0,0.3199
753.0,0.317388
754.0,0.31489
755.0,0.312408
756.0,0.309942
757.0,0.30749
758.0,0.305054
759.0,0.302634
760.0,0.300228
761.0,0.298266
762.0,0.296315
763.0,0.294374
764.0,0.292443
765.0,0.290523
766.0,0.288613
767.0,0.286713
768.0,0.284824
769.0,0.282945
770.0,0.281076
771.0,0.279518
772.0,0.277967
773.0,0.276424
774.0,0.274887
775.0,0.273358
776.0,0.271836
777.0,0.270322
778.0,0.268814
779.0,0.267314
780.0,0.265821
781.0,0.263462
782.0,0.26112
783.0,0.258796
784.0,0.256489
785.0,0.254199
786.0,0.251927
787.0,0.249671
788.0,0.247433
789.0,0.245211
790.0,0.243007
791.0,0.241161
792.0,0.239327
793.0,0.237505
794.0,0.235695
795.0,0.233897
796.0,0.232111
797.0,0.230337
798.0,0.228575
799.0,0.226824
800.0,0.225085
801.0,0.223264
802.0,0.221457
803.0,0.219662
804.0,0.21788
805.0,0.21611
806.0,0.214353
807.0,0.212609
808.0,0.210877
809.0,0.209158
810.0,0.207451
811.0,0.205763
812.0,0.204088
813.0,0.202425
814.0,0.200773
815.0,0.199134
816.0,0.197507
817.0,0.195891
818.0,0.194287
819.0,0.192696
820.0,0.191115
821.0,0.189598
822.0,0.188092
823.0,0.186596
824.0,0.185111
825.0,0.183637
826.0,0.182174
827.0,0.180721
828.0,0.179278
829.0,0.177846
830.0,0.176425
831.0,0.174955
832.0,0.173497
833.0,0.172049
834.0,0.170613
835.0,0.169187
836.0,0.167773
837.0,0.166369
838.0,0.164976
839.0,0.163593
840.0,0.162222
841.0,0.160748
842.0,0.159286
843.0,0.157837
844.0,0.156399
845.0,0.154974
846.0,0.153561
847.0,0.152159
848.0,0.15077
849.0,0.149392
850.0,0.148026
851.0,0.146548
852.0,0.145084
853.0,0.143634
854.0,0.142197
855.0,0.140773
856.0,0.139363
857.0,0.137966
858.0,0.136582
859.0,0.13521
860.0,0.133852
861.0,0.132543
862.0,0.131246
863.0,0.12996
864.0,0.128687
865.0,0.127425
866.0,0.126175
867.0,0.124937
868.0,0.123709
869.0,0.122494
870.0,0.121289
871.0,0.119954
872.0,0.118633
873.0,0.117325
874.0,0.116031
875.0,0.11475
876.0,0.113483
877.0,0.112229
878.0,0.110988
879.0,0.109761
880.0,0.108546
881.0,0.107421
882.0,0.106307
883.0,0.105204
884.0,0.104112
885.0,0.103031
886.0,0.101961
887.0,0.100901
888.0,0.0998517
889.0,0.0988128
890.0,0.0977843
891.0,0.0966389
892.0,0.0955063
893.0,0.0943865
894.0,0.0932791
895.0,0.0921842
896.0,0.0911016
897.0,0.0900312
898.0,0.0889729
899.0,0.0879264
900.0,0.0868918
901.0,0.0859697
902.0,0.085057
903.0,0.0841537
904.0,0.0832596
905.0,0.0823747
906.0,0.0814988
907.0,0.0806319
908.0,0.079774
909.0,0.0789248
910.0,0.0780845
911.0,0.0771786
912.0,0.0762828
913.0,0.0753971
914.0,0.0745214
915.0,0.0736555
916.0,0.0727994
917.0,0.0719529
918.0,0.0711159
919.0,0.0702884
920.0,0.0694702
921.0,0.0685489
922.0,0.0676393
923.0,0.0667415
924.0,0.0658553
925.0,0.0649804
926.0,0.0641169
927.0,0.0632645
928.0,0.0624232
929.0,0.0615927
930.0,0.060773
931.0,0.0599955
932.0,0.0592276
933.0,0.0584693
934.0,0.0577205
935.0,0.0569811
936.0,0.0562509
937.0,0.0555299
938.0,0.0548179
939.0,0.0541148
940.0,0.0534205
941.0,0.0525967
942.0,0.0517854
943.0,0.0509862
944.0,0.0501991
945.0,0.0494239
946.0,0.0486604
947.0,0.0479085
948.0,0.0471679
949.0,0.0464386
950.0,0.0457203
951.0,0.0450463
952.0,0.0443821
953.0,0.0437274
954.0,0.0430823
955.0,0.0424465
956.0,0.0418199
957.0,0.0412024
958.0,0.0405939
959.0,0.0399942
960.0,0.0394033
961.0,0.0387502
962.0,0.0381077
963.0,0.0374757
964.0,0.0368541
965.0,0.0362426
966.0,0.0356411
967.0,0.0350494
968.0,0.0344674
969.0,0.033895
970.0,0.0333319
971.0,0.0328016
972.0,0.0322797
973.0,0.0317659
974.0,0.0312602
975.0,0.0307625
976.0,0.0302726
977.0,0.0297905
978.0,0.0293159
979.0,0.0288488
980.0,0.0283891
981.0,0.0278487
982.0,0.0273186
983.0,0.0267984
984.0,0.026288
985.0,0.0257872
986.0,0.0252959
987.0,0.0248138
988.0,0.0243408
989.0,0.0238768
990.0,0.0234215
991.0,0.0229391
992.0,0.0224664
993.0,0.0220034
994.0,0.0215499
995.0,0.0211057
996.0,0.0206705
997.0,0.0202442
998.0,0.0198267
999.0,0.0194176
1000.0,0.019017
1001.0,0.0185976
1002.0,0.0181874
1003.0,0.0177861
1004.0,0.0173937
1005.0,0.0170098
1006.0,0.0166344
1007.0,0.0162672
1008.0,0.015908
1009.0,0.0155567
1010.0,0.0152132
1011.0,0.0148441
1012.0,0.0144839
1013.0,0.0141324
1014.0,0.0137894
1015.0,0.0134547
1016.0,0.013128
1017.0,0.0128093
1018.0,0.0124982
1019.0,0.0121947
1020.0,0.0118985
1021.0,0.0115735
1022.0,0.0112573
1023.0,0.0109498
1024.0,0.0106506
1025.0,0.0103595
1026.0,0.0100764
1027.0,0.009801
1028.0,0.00953308
1029.0,0.00927247
1030.0,0.00901895
1031.0,0.00876236
1032.0,0.00851305
1033.0,0.00827082
1034.0,0.00803545
1035.0,0.00780677
1036.0,0.00758457
1037.0,0.00736868
1038.0,0.00715892
1039.0,0.00695512
1040.0,0.00675711
1041.0,0.00654056
1042.0,0.00633094
1043.0,0.00612802
1044.0,0.00593159
1045.0,0.00574144
1046.0,0.00555738
1047.0,0.0053792
1048.0,0.00520673
1049.0,0.00503978
1050.0,0.00487818
1051.0,0.00469471
1052.0,0.00451812
1053.0,0.00434817
1054.0,0.0041846
1055.0,0.00402718
1056.0,0.00387567
1057.0,0.00372985
1058.0,0.00358952
1059.0,0.00345445
1060.0,0.00332447
1061.0,0.00321751
1062.0,0.00311399
1063.0,0.0030138
1064.0,0.00291684
1065.0,0.00282298
1066.0,0.00273215
1067.0,0.00264424
1068.0,0.00255916
1069.0,0.00247681
1070.0,0.00239711
1071.0,0.00233685
1072.0,0.00227809
1073.0,0.00222082
1074.0,0.00216499
1075.0,0.00211056
1076.0,0.0020575
1077.0,0.00200577
1078.0,0.00195535
1079.0,0.00190619
1080.0,0.00185827
1081.0,0.00180754
1082.0,0.00175821
1083.0,0.00171021
1084.0,0.00166353
1085.0,0.00161812
1086.0,0.00157396
1087.0,0.001531
1088.0,0.00148921
1089.0,0.00144856
1090.0,0.00140902
1091.0,0.00136811
1092.0,0.00132839
1093.0,0.00128982
1094.0,0.00125237
1095.0,0.00121601
1096.0,0.0011807
1097.0,0.00114642
1098.0,0.00111313
1099.0,0.00108082
1100.0,0.00104944
