# QE_yellow <= 650 nm, Si QE x filter ramp to T=1 at 800 nm (d=3.0 um, ideal AR, Green 2008 Si; tools/nir_spectra.py)
360.0,0
361.0,0
362.0,0
363.0,0
364.0,0
365.0,0
366.0,0
367.0,0
368.0,0
369.0,0
370.0,0
371.0,0
372.0,0
373.0,0
374.0,0
375.0,0
376.0,0
377.0,0
378.0,0
379.0,0
380.0,0.0403238
381.0,0.0399434
382.0,0.0395629
383.0,0.0391825
384.0,0.0388021
385.0,0.0384217
386.0,0.0380413
387.0,0.0376608
388.0,0.0372804
389.0,0.0369
390.0,0.0365196
391.0,0.0361391
392.0,0.0357587
393.0,0.0353783
394.0,0.0349979
395.0,0.0346175
396.0,0.034237
397.0,0.0338566
398.0,0.0334762
399.0,0.0334034
400.0,0.0334328
401.0,0.0334623
402.0,0.0334918
403.0,0.0335213
404.0,0.0335507
405.0,0.0335802
406.0,0.0332099
407.0,0.0327588
408.0,0.0323076
409.0,0.0318565
410.0,0.0314053
411.0,0.0304448
412.0,0.029357
413.0,0.0282692
414.0,0.0271814
415.0,0.0260936
416.0,0.0250058
417.0,0.023918
418.0,0.0228302
419.0,0.0217424
420.0,0.0206546
421.0,0.0193659
422.0,0.0178018
423.0,0.0162378
424.0,0.0146738
425.0,0.0131098
426.0,0.0115457
427.0,0.0110651
428.0,0.011926
429.0,0.012787
430.0,0.013648
431.0,0.0145089
432.0,0.0154292
433.0,0.0167877
434.0,0.0181461
435.0,0.0195046
436.0,0.0208631
437.0,0.0222215
438.0,0.02358
439.0,0.0249385
440.0,0.026087
441.0,0.0271106
442.0,0.0281343
443.0,0.0291579
444.0,0.0301815
445.0,0.0312051
446.0,0.0322287
447.0,0.0321047
448.0,0.0318093
449.0,0.0315138
450.0,0.0312183
451.0,0.0309229
452.0,0.0306274
453.0,0.0300384
454.0,0.0292974
455.0,0.0285564
456.0,0.0278154
457.0,0.0270745
458.0,0.0263335
459.0,0.0256351
460.0,0.0256722
461.0,0.0257092
462.0,0.0257463
463.0,0.0257833
464.0,0.0258204
465.0,0.0258574
466.0,0.0258945
467.0,0.0259315
468.0,0.0259686
469.0,0.0260056
470.0,0.0262255
471.0,0.0300905
472.0,0.0339555
473.0,0.0378205
474.0,0.0416855
475.0,0.0455505
476.0,0.0512148
477.0,0.0597288
478.0,0.0682427
479.0,0.0767566
480.0,0.0857435
481.0,0.0958405
482.0,0.105937
483.0,0.116034
484.0,0.13513
485.0,0.16237
486.0,0.189669
487.0,0.217002
488.0,0.254792
489.0,0.288248
490.0,0.309578
491.0,0.330119
492.0,0.348741
493.0,0.377388
494.0,0.417467
495.0,0.438334
496.0,0.459202
497.0,0.479962
498.0,0.500489
499.0,0.518789
500.0,0.531763
501.0,0.544737
502.0,0.557711
503.0,0.568679
504.0,0.579587
505.0,0.590494
506.0,0.600808
507.0,0.608697
508.0,0.616586
509.0,0.624475
510.0,0.632364
511.0,0.638443
512.0,0.644051
513.0,0.64966
514.0,0.655268
515.0,0.660877
516.0,0.665858
517.0,0.669306
518.0,0.672754
519.0,0.676201
520.0,0.679649
521.0,0.683097
522.0,0.686544
523.0,0.689992
524.0,0.69344
525.0,0.696887
526.0,0.700335
527.0,0.703333
528.0,0.704834
529.0,0.706334
530.0,0.707834
531.0,0.709334
532.0,0.710835
533.0,0.712335
534.0,0.713784
535.0,0.713711
536.0,0.713638
537.0,0.713566
538.0,0.713493
539.0,0.71342
540.0,0.713347
541.0,0.713004
542.0,0.712484
543.0,0.711963
544.0,0.711442
545.0,0.710922
546.0,0.710401
547.0,0.70988
548.0,0.708862
549.0,0.707614
550.0,0.706367
551.0,0.705119
552.0,0.703872
553.0,0.702624
554.0,0.701376
555.0,0.699611
556.0,0.697687
557.0,0.695762
558.0,0.693838
559.0,0.691914
560.0,0.68999
561.0,0.688067
562.0,0.686181
563.0,0.684294
564.0,0.682408
565.0,0.680521
566.0,0.678635
567.0,0.676748
568.0,0.674862
569.0,0.672622
570.0,0.670355
571.0,0.668087
572.0,0.66582
573.0,0.663553
574.0,0.661286
575.0,0.659037
576.0,0.656904
577.0,0.654771
578.0,0.652638
579.0,0.650505
580.0,0.648372
581.0,0.646239
582.0,0.644018
583.0,0.641667
584.0,0.639317
585.0,0.636966
586.0,0.634616
587.0,0.632265
588.0,0.629915
589.0,0.627564
590.0,0.625438
591.0,0.623321
592.0,0.621204
593.0,0.619086
594.0,0.616969
595.0,0.614852
596.0,0.61307
597.0,0.612278
598.0,0.611486
599.0,0.610693
600.0,0.608866
601.0,0.605916
602.0,0.602966
603.0,0.600017
604.0,0.597067
605.0,0.594118
606.0,0.591168
607.0,0.588218
608.0,0.585269
609.0,0.583544
610.0,0.581833
611.0,0.580122
612.0,0.578411
613.0,0.5767
614.0,0.574989
615.0,0.573278
616.0,0.571031
617.0,0.568356
618.0,0.565682
619.0,0.563007
620.0,0.560333
621.0,0.557658
622.0,0.554984
623.0,0.552309
624.0,0.549635
625.0,0.547492
626.0,0.545352
627.0,0.543213
628.0,0.541073
629.0,0.538933
630.0,0.536794
631.0,0.534654
632.0,0.532515
633.0,0.530375
634.0,0.528236
635.0,0.526142
636.0,0.524161
637.0,0.52218
638.0,0.520199
639.0,0.518218
640.0,0.516237
641.0,0.514255
642.0,0.512707
643.0,0.511225
644.0,0.509743
645.0,0.50826
646.0,0.506546
647.0,0.504709
648.0,0.502872
649.0,0.501035
650.0,0.499198
651.0,0.497026
652.0,0.494853
653.0,0.492681
654.0,0.490508
655.0,0.488336
656.0,0.486164
657.0,0.483992
658.0,0.481821
659.0,0.47965
660.0,0.47748
661.0,0.475605
662.0,0.473731
663.0,0.471857
664.0,0.469983
665.0,0.468111
666.0,0.466239
667.0,0.464369
668.0,0.462499
669.0,0.460631
670.0,0.458764
671.0,0.45657
672.0,0.454378
673.0,0.452189
674.0,0.450003
675.0,0.447819
676.0,0.445638
677.0,0.44346
678.0,0.441285
679.0,0.439113
680.0,0.436944
681.0,0.434996
682.0,0.433051
683.0,0.431109
684.0,0.429169
685.0,0.427233
686.0,0.425299
687.0,0.423368
688.0,0.42144
689.0,0.419516
690.0,0.417595
691.0,0.415647
692.0,0.413702
693.0,0.411761
694.0,0.409823
695.0,0.407889
696.0,0.405959
697.0,0.404033
698.0,0.402111
699.0,0.400193
700.0,0.398279
701.0,0.396848
702.0,0.395418
703.0,0.393991
704.0,0.392566
705.0,0.391144
706.0,0.389723
707.0,0.388305
708.0,0.38689
709.0,0.385477
710.0,0.384066
711.0,0.382714
712.0,0.381364
713.0,0.380016
714.0,0.378671
715.0,0.377327
716.0,0.375987
717.0,0.374648
718.0,0.373313
719.0,0.371979
720.0,0.370648
721.0,0.368484
722.0,0.366327
723.0,0.364177
724.0,0.362035
725.0,0.3599
726.0,0.357772
727.0,0.355652
728.0,0.353539
729.0,0.351434
730.0,0.349336
731.0,0.347402
732.0,0.345474
733.0,0.343554
734.0,0.341639
735.0,0.339732
736.0,0.337831
737.0,0.335937
738.0,0.334049
739.0,0.332169
740.0,0.330295
741.0,0.328437
742.0,0.326585
743.0,0.32474
744.0,0.322902
745.0,0.321071
746.0,0.319247
747.0,0.31743
748.0,0.31562
749.0,0.313817
750.0,0.312021
751.0,0.309836
752.0,0.307662
753.0,0.305498
754.0,0.303345
755.0,0.301203
756.0,0.299072
757.0,0.296952
758.0,0.294843
759.0,0.292744
760.0,0.290656
761.0,0.288995
762.0,0.28734
763.0,0.285693
764.0,0.284052
765.0,0.282419
766.0,0.280792
767.0,0.279172
768.0,0.27756
769.0,0.275954
770.0,0.274355
771.0,0.273057
772.0,0.271764
773.0,0.270475
774.0,0.269191
775.0,0.267911
776.0,0.266636
777.0,0.265366
778.0,0.264101
779.0,0.26284
780.0,0.261584
781.0,0.259472
782.0,0.257374
783.0,0.255289
784.0,0.253218
785.0,0.25116
786.0,0.249115
787.0,0.247084
788.0,0.245066
789.0,0.243061
790.0,0.24107
791.0,0.239431
792.0,0.237801
793.0,0.23618
794.0,0.234568
795.0,0.232965
796.0,0.231371
797.0,0.229786
798.0,0.22821
799.0,0.226643
800.0,0.225085
801.0,0.223264
802.0,0.221457
803.0,0.219662
804.0,0.21788
805.0,0.21611
806.0,0.214353
807.0,0.212609
808.0,0.210877
809.0,0.209158
810.0,0.207451
811.0,0.205763
812.0,0.204088
813.0,0.202425
814.0,0.200773
815.0,0.199134
816.0,0.197507
817.0,0.195891
818.0,0.194287
819.0,0.192696
820.0,0.191115
821.0,0.189598
822.0,0.188092
823.0,0.186596
824.0,0.185111
825.0,0.183637
826.0,0.182174
827.0,0.180721
828.0,0.179278
829.0,0.177846
830.0,0.176425
831.0,0.174955
832.0,0.173497
833.0,0.172049
834.0,0.170613
835.0,0.169187
836.0,0.167773
837.0,0.166369
838.0,0.164976
839.0,0.163593
840.0,0.162222
841.0,0.160748
842.0,0.159286
843.0,0.157837
844.0,0.156399
845.0,0.154974
846.0,0.153561
847.0,0.152159
848.0,0.15077
849.0,0.149392
850.0,0.148026
851.0,0.146548
852.0,0.145084
853.0,0.143634
854.0,0.142197
855.0,0.140773
856.0,0.139363
857.0,0.137966
858.0,0.136582
859.0,0.13521
860.0,0.133852
861.0,0.132543
862.0,0.131246
863.0,0.12996
864.0,0.128687
865.0,0.127425
866.0,0.126175
867.0,0.124937
868.0,0.123709
869.0,0.122494
870.0,0.121289
871.0,0.119954
872.0,0.118633
873.0,0.117325
874.0,0.116031
875.0,0.11475
876.0,0.113483
877.0,0.112229
878.0,0.110988
879.0,0.109761
880.0,0.108546
881.0,0.107421
882.0,0.106307
883.0,0.105204
884.0,0.104112
885.0,0.103031
886.0,0.101961
887.0,0.100901
888.0,0.0998517
889.0,0.0988128
890.0,0.0977843
891.0,0.0966389
892.0,0.0955063
893.0,0.0943865
894.0,0.0932791
895.0,0.0921842
896.0,0.0911016
897.0,0.0900312
898.0,0.0889729
899.0,0.0879264
900.0,0.0868918
901.0,0.0859697
902.0,0.085057
903.0,0.0841537
904.0,0.0832596
905.0,0.0823747
906.0,0.0814988
907.0,0.0806319
908.0,0.079774
909.0,0.0789248
910.0,0.0780845
911.0,0.0771786
912.0,0.0762828
913.0,0.0753971
914.0,0.0745214
915.0,0.0736555
916.0,0.0727994
917.0,0.0719529
918.0,0.0711159
919.0,0.0702884
920.0,0.0694702
921.0,0.0685489
922.0,0.0676393
923.0,0.0667415
924.0,0.0658553
925.0,0.0649804
926.0,0.0641169
927.0,0.0632645
928.0,0.0624232
929.0,0.0615927
930.0,0.060773
931.0,0.0599955
932.0,0.0592276
933.0,0.0584693
934.0,0.0577205
935.0,0.0569811
936.0,0.0562509
937.0,0.0555299
938.0,0.0548179
939.0,0.0541148
940.0,0.0534205
941.0,0.0525967
942.0,0.0517854
943.0,0.0509862
944.0,0.0501991
945.0,0.0494239
946.0,0.0486604
947.0,0.0479085
948.0,0.0471679
949.0,0.0464386
950.0,0.0457203
951.0,0.0450463
952.0,0.0443821
953.0,0.0437274
954.0,0.0430823
955.0,0.0424465
956.0,0.0418199
957.0,0.0412024
958.0,0.0405939
959.0,0.0399942
960.0,0.0394033
961.0,0.0387502
962.0,0.0381077
963.0,0.0374757
964.0,0.0368541
965.0,0.0362426
966.0,0.0356411
967.0,0.0350494
968.0,0.0344674
969.0,0.033895
970.0,0.0333319
971.0,0.0328016
972.0,0.0322797
973.0,0.0317659
974.0,0.0312602
975.0,0.0307625
976.0,0.0302726
977.0,0.0297905
978.0,0.0293159
979.0,0.0288488
980.0,0.0283891
981.0,0.0278487
982.0,0.0273186
983.0,0.0267984
984.0,0.026288
985.0,0.0257872
986.0,0.0252959
987.0,0.0248138
988.0,0.0243408
989.0,0.0238768
990.0,0.0234215
991.0,0.0229391
992.0,0.0224664
993.0,0.0220034
994.0,0.0215499
995.0,0.0211057
996.0,0.0206705
997.0,0.0202442
998.0,0.0198267
999.0,0.0194176
1000.0,0.019017
1001.0,0.0185976
1002.0,0.0181874
1003.0,0.0177861
1004.0,0.0173937
1005.0,0.0170098
1006.0,0.0166344
1007.0,0.0162672
1008.0,0.015908
1009.0,0.0155567
1010.0,0.0152132
1011.0,0.0148441
1012.0,0.0144839
1013.0,0.0141324
1014.0,0.0137894
1015.0,0.0134547
1016.0,0.013128
1017.0,0.0128093
1018.0,0.0124982
1019.0,0.0121947
1020.0,0.0118985
1021.0,0.0115735
1022.0,0.0112573
1023.0,0.0109498
1024.0,0.0106506
1025.0,0.0103595
1026.0,0.0100764
1027.0,0.009801
1028.0,0.00953308
1029.0,0.00927247
1030.0,0.00901895
1031.0,0.00876236
1032.0,0.00851305
1033.0,0.00827082
1034.0,0.00803545
1035.0,0.00780677
1036.0,0.00758457
1037.0,0.00736868
1038.0,0.00715892
1039.0,0.00695512
1040.0,0.00675711
1041.0,0.00654056
1042.0,0.00633094
1043.0,0.00612802
1044.0,0.00593159
1045.0,0.00574144
1046.0,0.00555738
1047.0,0.0053792
1048.0,0.00520673
1049.0,0.00503978
1050.0,0.00487818
1051.0,0.00469471
1052.0,0.00451812
1053.0,0.00434817
1054.0,0.0041846
1055.0,0.00402718
1056.0,0.00387567
1057.0,0.00372985
1058.0,0.00358952
1059.0,0.00345445
1060.0,0.00332447
1061.0,0.00321751
1062.0,0.00311399
1063.0,0.0030138
1064.0,0.00291684
1065.0,0.00282298
1066.0,0.00273215
1067.0,0.00264424
1068.0,0.00255916
1069.0,0.00247681
1070.0,0.00239711
1071.0,0.00233685
1072.0,0.00227809
1073.0,0.00222082
1074.0,0.00216499
1075.0,0.00211056
1076.0,0.0020575
1077.0,0.00200577
1078.0,0.00195535
1079.0,0.00190619
1080.0,0.00185827
1081.0,0.00180754
1082.0,0.00175821
1083.0,0.00171021
1084.0,0.00166353
1085.0,0.00161812
1086.0,0.00157396
1087.0,0.001531
1088.0,0.00148921
1089.0,0.00144856
1090.0,0.00140902
1091.0,0.00136811
1092.0,0.00132839
1093.0,0.00128982
1094.0,0.00125237
1095.0,0.00121601
1096.0,0.0011807
1097.0,0.00114642
1098.0,0.00111313
1099.0,0.00108082
1100.0,0.00104944
