# Intrinsic crystalline Si at 300 K: wavelength_nm,n,k
# M. A. Green, Sol. Energ. Mat. Sol. Cells 92, 1305-1310 (2008), doi:10.1016/j.solmat.2008.06.009
# via refractiveindex.info (database/data/main/Si/nk/Green-2008.yml, CC0)
250.0,1.6650,3.66500e+00
260.0,1.7570,4.08400e+00
270.0,2.0680,4.68000e+00
280.0,2.9590,5.28700e+00
290.0,4.3560,5.28600e+00
300.0,4.9760,4.23400e+00
310.0,5.1210,3.59800e+00
320.0,5.1120,3.30300e+00
330.0,5.1950,3.10000e+00
340.0,5.3010,2.97700e+00
350.0,5.4940,2.93800e+00
360.0,6.0260,2.96600e+00
370.0,6.8910,2.17100e+00
380.0,6.6160,9.46000e-01
390.0,6.0390,4.45000e-01
400.0,5.6130,2.96000e-01
410.0,5.3300,2.27000e-01
420.0,5.1190,1.76000e-01
430.0,4.9490,1.38000e-01
440.0,4.8120,1.07000e-01
450.0,4.6910,8.63020e-02
460.0,4.5870,7.13810e-02
470.0,4.4970,6.20860e-02
480.0,4.4190,5.50040e-02
490.0,4.3500,4.91310e-02
500.0,4.2940,4.41650e-02
510.0,4.2410,3.93670e-02
520.0,4.1930,3.64150e-02
530.0,4.1510,3.31080e-02
540.0,4.1120,3.02950e-02
550.0,4.0770,2.79680e-02
560.0,4.0450,2.57580e-02
570.0,4.0150,2.41310e-02
580.0,3.9880,2.25240e-02
590.0,3.9630,2.10810e-02
600.0,3.9400,1.99340e-02
610.0,3.9180,1.84460e-02
620.0,3.8980,1.73670e-02
630.0,3.8790,1.64440e-02
640.0,3.8610,1.54320e-02
650.0,3.8440,1.44310e-02
660.0,3.8280,1.34980e-02
670.0,3.8130,1.27430e-02
680.0,3.7980,1.19050e-02
690.0,3.7840,1.12010e-02
700.0,3.7720,1.05280e-02
710.0,3.7590,1.00570e-02
720.0,3.7480,9.62570e-03
730.0,3.7370,8.94610e-03
740.0,3.7270,8.36200e-03
750.0,3.7170,7.81850e-03
760.0,3.7080,7.19700e-03
770.0,3.6990,6.74020e-03
780.0,3.6910,6.39330e-03
790.0,3.6830,5.83400e-03
800.0,3.6750,5.41130e-03
810.0,3.6680,4.99550e-03
820.0,3.6610,4.61340e-03
830.0,3.6540,4.27340e-03
840.0,3.6470,3.94390e-03
850.0,3.6410,3.61200e-03
860.0,3.6350,3.27810e-03
870.0,3.6300,2.98390e-03
880.0,3.6240,2.68210e-03
890.0,3.6190,2.42930e-03
900.0,3.6140,2.17010e-03
910.0,3.6090,1.96250e-03
920.0,3.6040,1.75710e-03
930.0,3.6000,1.54670e-03
940.0,3.5950,1.36890e-03
950.0,3.5910,1.17930e-03
960.0,3.5870,1.02370e-03
970.0,3.5830,8.72250e-04
980.0,3.5790,7.48660e-04
990.0,3.5750,6.22380e-04
1000.0,3.5720,5.09300e-04
1010.0,3.5680,4.10710e-04
1020.0,3.5650,3.23860e-04
1030.0,3.5620,2.47530e-04
1040.0,3.5590,1.87040e-04
1050.0,3.5560,1.36200e-04
1060.0,3.5530,9.36310e-05
1070.0,3.5500,6.81180e-05
1080.0,3.5470,5.32850e-05
1090.0,3.5450,4.07680e-05
1100.0,3.5420,3.06370e-05
1110.0,3.5400,2.38490e-05
1120.0,3.5370,1.78250e-05
1130.0,3.5350,1.34880e-05
1140.0,3.5320,9.07180e-06
1150.0,3.5300,6.22300e-06
1160.0,3.5280,3.87700e-06
1170.0,3.5260,2.04830e-06
1180.0,3.5240,6.10360e-07
1190.0,3.5220,3.40910e-07
1200.0,3.5200,2.10080e-07
1210.0,3.5180,1.25180e-07
1220.0,3.5170,7.96090e-08
1230.0,3.5150,4.60040e-08
1240.0,3.5130,2.36820e-08
1250.0,3.5110,9.94720e-09
1260.0,3.5090,3.60960e-09
1270.0,3.5080,2.02130e-09
1280.0,3.5060,1.22230e-09
1290.0,3.5050,7.28850e-10
1300.0,3.5030,4.65530e-10
1310.0,3.5020,2.81470e-10
1320.0,3.5000,1.68070e-10
1330.0,3.4990,8.46700e-11
1340.0,3.4970,3.73220e-11
1350.0,3.4960,1.82630e-11
1360.0,3.4950,1.02810e-11
1370.0,3.4940,6.54130e-12
1380.0,3.4920,4.17300e-12
1390.0,3.4910,2.54410e-12
1400.0,3.4900,1.55970e-12
1410.0,3.4890,9.53740e-13
1420.0,3.4880,5.65000e-13
1430.0,3.4870,2.84490e-13
1440.0,3.4860,2.06260e-13
1450.0,3.4850,1.38460e-13
